INFO 12-22 16:37:15 [importing.py:44] Triton is installed but 0 active driver(s) found (expected 1). Disabling Triton to prevent runtime errors.
INFO 12-22 16:37:15 [importing.py:68] Triton not installed or not compatible; certain GPU-related functions will not be available.
W1222 16:37:16.161000 26867 torch/utils/cpp_extension.py:117] No CUDA runtime is found, using CUDA_HOME='/usr/local/cuda'
WARNING:2025-12-22 16:37:17,577:Documentation directory not found at /vePFS-Mindverse/share/code/tinker-server/mint-doc/out, /doc will not be available
INFO:     Started server process [26867]
INFO:     Waiting for application startup.
2025-12-22 16:37:17,584	INFO worker.py:1832 -- Connecting to existing Ray cluster at address: 192.168.32.66:6379...
2025-12-22 16:37:17,594	INFO worker.py:2003 -- Connected to Ray cluster. View the dashboard at [1m[32m192.168.32.66:8265 [39m[22m
/usr/local/lib/python3.10/dist-packages/ray/_private/worker.py:2051: FutureWarning: Tip: In future versions of Ray, Ray will no longer override accelerator visible devices env var if num_gpus=0 or num_gpus=None (default). To enable this behavior and turn off this error message, set RAY_ACCEL_ENV_VAR_OVERRIDE_ON_ZERO=0
  warnings.warn(
INFO:     Application startup complete.
INFO:     Uvicorn running on http://0.0.0.0:8000 (Press CTRL+C to quit)
INFO:     127.0.0.1:51070 - "GET /api/v1/healthz HTTP/1.1" 200 OK
INFO:     127.0.0.1:46352 - "GET /api/v1/resource_status HTTP/1.1" 404 Not Found
INFO:     127.0.0.1:57124 - "POST /api/v1/create_training_model HTTP/1.1" 404 Not Found
INFO:     127.0.0.1:33430 - "GET /openapi.json HTTP/1.1" 200 OK
INFO:     127.0.0.1:55926 - "POST /api/v1/create_model HTTP/1.1" 422 Unprocessable Entity
INFO:     127.0.0.1:35318 - "POST /api/v1/create_model HTTP/1.1" 422 Unprocessable Entity
INFO:     127.0.0.1:41394 - "POST /api/v1/create_model HTTP/1.1" 200 OK
WARNING:2025-12-22 16:41:04,722:Model cache not found: /vePFS-Mindverse/share/huggingface/hub/models--moonshotai--Kimi-K2-Instruct/snapshots
[36m(pid=27296)[0m W1222 16:41:12.405000 27296 torch/utils/cpp_extension.py:117] No CUDA runtime is found, using CUDA_HOME='/usr/local/cuda'
INFO:     127.0.0.1:36060 - "POST /api/v1/retrieve_future HTTP/1.1" 408 Request Timeout
[36m(MegatronRankWorker pid=175930, ip=192.168.32.77)[0m WARNING:2025-12-22 16:41:28,444:fused_indices_to_multihot has reached end of life. Please migrate to a non-experimental function.
[36m(MegatronRankWorker pid=177462, ip=192.168.32.83)[0m /usr/local/lib/python3.10/dist-packages/modelopt/torch/__init__.py:36: UserWarning: transformers version 4.57.1 is incompatible with nvidia-modelopt and may cause issues. Please install recommended version with `pip install nvidia-modelopt[hf]` if working with HF models.
[36m(MegatronRankWorker pid=177462, ip=192.168.32.83)[0m   _warnings.warn(
[36m(MegatronWorkerGroup pid=27296)[0m Exception raised in creation task: The actor died because of an error raised in its creation task, [36mray::megatron_qwen2_5_7b_instruct:MegatronWorkerGroup.__init__()[39m (pid=27296, ip=192.168.47.138, actor_id=f23e71d36dfdee3dc163a9af55000000, repr=<tinker_server.backend.megatron_distributed.MegatronWorkerGroup object at 0x7f4d0bbd7190>)
[36m(MegatronWorkerGroup pid=27296)[0m   File "/vePFS-Mindverse/share/code/tinker-server/tinker_server/backend/megatron_distributed.py", line 1602, in __init__
[36m(MegatronWorkerGroup pid=27296)[0m     self._initialize()
[36m(MegatronWorkerGroup pid=27296)[0m   File "/vePFS-Mindverse/share/code/tinker-server/tinker_server/backend/megatron_distributed.py", line 1674, in _initialize
[36m(MegatronWorkerGroup pid=27296)[0m     ray.get([w.initialize.remote() for w in self.workers])
[36m(MegatronWorkerGroup pid=27296)[0m ray.exceptions.RayTaskError(ValueError): [36mray::MegatronRankWorker.initialize()[39m (pid=186648, ip=192.168.32.81, actor_id=8886f6ec5a519a24a27a11de55000000, repr=<tinker_server.backend.megatron_distributed.MegatronRankWorker object at 0x7fc02cff0100>)
[36m(MegatronWorkerGroup pid=27296)[0m   File "/vePFS-Mindverse/share/code/tinker-server/tinker_server/backend/megatron_distributed.py", line 187, in initialize
[36m(MegatronWorkerGroup pid=27296)[0m     self._initialize_megatron()
[36m(MegatronWorkerGroup pid=27296)[0m   File "/vePFS-Mindverse/share/code/tinker-server/tinker_server/backend/megatron_distributed.py", line 378, in _initialize_megatron
[36m(MegatronWorkerGroup pid=27296)[0m     self.engine.initialize()
[36m(MegatronWorkerGroup pid=27296)[0m   File "/vePFS-Mindverse/share/code/verl/verl/workers/engine/megatron/transformer_impl.py", line 308, in initialize
[36m(MegatronWorkerGroup pid=27296)[0m     self._build_tf_config()
[36m(MegatronWorkerGroup pid=27296)[0m   File "/vePFS-Mindverse/share/code/verl/verl/workers/engine/megatron/transformer_impl.py", line 170, in _build_tf_config
[36m(MegatronWorkerGroup pid=27296)[0m     provider.finalize()
[36m(MegatronWorkerGroup pid=27296)[0m   File "/workspace/Megatron-Bridge/src/megatron/bridge/models/transformer_config.py", line 69, in finalize
[36m(MegatronWorkerGroup pid=27296)[0m     MCoreTransformerConfig.__post_init__(self)
[36m(MegatronWorkerGroup pid=27296)[0m   File "/workspace/Megatron-LM/megatron/core/transformer/transformer_config.py", line 755, in __post_init__
[36m(MegatronWorkerGroup pid=27296)[0m     raise ValueError(
[36m(MegatronWorkerGroup pid=27296)[0m ValueError: num_attention_heads (28) must be a multiple of tensor_model_parallel_size (8).
[36m(MegatronWorkerGroup pid=27296)[0m Unhandled error (suppress with 'RAY_IGNORE_UNHANDLED_ERRORS=1'): [36mray::MegatronRankWorker.initialize()[39m (pid=190461, ip=192.168.32.76, actor_id=0e2c6b478612bf1494f852be55000000, repr=<tinker_server.backend.megatron_distributed.MegatronRankWorker object at 0x7fee01bb8130>)
[36m(MegatronWorkerGroup pid=27296)[0m   File "/vePFS-Mindverse/share/code/tinker-server/tinker_server/backend/megatron_distributed.py", line 187, in initialize
[36m(MegatronWorkerGroup pid=27296)[0m     self._initialize_megatron()
[36m(MegatronWorkerGroup pid=27296)[0m   File "/vePFS-Mindverse/share/code/tinker-server/tinker_server/backend/megatron_distributed.py", line 378, in _initialize_megatron
[36m(MegatronWorkerGroup pid=27296)[0m     self.engine.initialize()
[36m(MegatronWorkerGroup pid=27296)[0m   File "/vePFS-Mindverse/share/code/verl/verl/workers/engine/megatron/transformer_impl.py", line 308, in initialize
[36m(MegatronWorkerGroup pid=27296)[0m     self._build_tf_config()
[36m(MegatronWorkerGroup pid=27296)[0m   File "/vePFS-Mindverse/share/code/verl/verl/workers/engine/megatron/transformer_impl.py", line 170, in _build_tf_config
[36m(MegatronWorkerGroup pid=27296)[0m     provider.finalize()
[36m(MegatronWorkerGroup pid=27296)[0m   File "/workspace/Megatron-Bridge/src/megatron/bridge/models/transformer_config.py", line 69, in finalize
[36m(MegatronWorkerGroup pid=27296)[0m     MCoreTransformerConfig.__post_init__(self)
[36m(MegatronWorkerGroup pid=27296)[0m   File "/workspace/Megatron-LM/megatron/core/transformer/transformer_config.py", line 755, in __post_init__
[36m(MegatronWorkerGroup pid=27296)[0m     raise ValueError(
[36m(MegatronWorkerGroup pid=27296)[0m ValueError: num_attention_heads (28) must be a multiple of tensor_model_parallel_size (8).
[36m(MegatronWorkerGroup pid=27296)[0m Unhandled error (suppress with 'RAY_IGNORE_UNHANDLED_ERRORS=1'): [36mray::MegatronRankWorker.initialize()[39m (pid=177462, ip=192.168.32.83, actor_id=d776505c2b615b4678632ed855000000, repr=<tinker_server.backend.megatron_distributed.MegatronRankWorker object at 0x7f521e3ec0a0>)
[36m(MegatronWorkerGroup pid=27296)[0m   File "/vePFS-Mindverse/share/code/tinker-server/tinker_server/backend/megatron_distributed.py", line 187, in initialize
[36m(MegatronWorkerGroup pid=27296)[0m     self._initialize_megatron()
[36m(MegatronWorkerGroup pid=27296)[0m   File "/vePFS-Mindverse/share/code/tinker-server/tinker_server/backend/megatron_distributed.py", line 378, in _initialize_megatron
[36m(MegatronWorkerGroup pid=27296)[0m     self.engine.initialize()
[36m(MegatronWorkerGroup pid=27296)[0m   File "/vePFS-Mindverse/share/code/verl/verl/workers/engine/megatron/transformer_impl.py", line 308, in initialize
[36m(MegatronWorkerGroup pid=27296)[0m     self._build_tf_config()
[36m(MegatronWorkerGroup pid=27296)[0m   File "/vePFS-Mindverse/share/code/verl/verl/workers/engine/megatron/transformer_impl.py", line 170, in _build_tf_config
[36m(MegatronWorkerGroup pid=27296)[0m     provider.finalize()
[36m(MegatronWorkerGroup pid=27296)[0m   File "/workspace/Megatron-Bridge/src/megatron/bridge/models/transformer_config.py", line 69, in finalize
[36m(MegatronWorkerGroup pid=27296)[0m     MCoreTransformerConfig.__post_init__(self)
[36m(MegatronWorkerGroup pid=27296)[0m   File "/workspace/Megatron-LM/megatron/core/transformer/transformer_config.py", line 755, in __post_init__
[36m(MegatronWorkerGroup pid=27296)[0m     raise ValueError(
[36m(MegatronWorkerGroup pid=27296)[0m ValueError: num_attention_heads (28) must be a multiple of tensor_model_parallel_size (8).
[36m(MegatronRankWorker pid=190459, ip=192.168.32.76)[0m WARNING:2025-12-22 16:41:29,126:fused_indices_to_multihot has reached end of life. Please migrate to a non-experimental function.[32m [repeated 63x across cluster] (Ray deduplicates logs by default. Set RAY_DEDUP_LOGS=0 to disable log deduplication, or see https://docs.ray.io/en/master/ray-observability/user-guides/configure-logging.html#log-deduplication for more options.)[0m
[36m(MegatronRankWorker pid=182093, ip=192.168.32.82)[0m `torch_dtype` is deprecated! Use `dtype` instead!
[36m(MegatronWorkerGroup pid=27296)[0m Unhandled error (suppress with 'RAY_IGNORE_UNHANDLED_ERRORS=1'): [36mray::MegatronRankWorker.initialize()[39m (pid=182093, ip=192.168.32.82, actor_id=121542895fed2cc2d085285255000000, repr=<tinker_server.backend.megatron_distributed.MegatronRankWorker object at 0x7ff8c77fc130>)
[36m(MegatronWorkerGroup pid=27296)[0m   File "/vePFS-Mindverse/share/code/tinker-server/tinker_server/backend/megatron_distributed.py", line 187, in initialize
[36m(MegatronWorkerGroup pid=27296)[0m     self._initialize_megatron()
[36m(MegatronWorkerGroup pid=27296)[0m   File "/vePFS-Mindverse/share/code/tinker-server/tinker_server/backend/megatron_distributed.py", line 378, in _initialize_megatron
[36m(MegatronWorkerGroup pid=27296)[0m     self.engine.initialize()
[36m(MegatronWorkerGroup pid=27296)[0m   File "/vePFS-Mindverse/share/code/verl/verl/workers/engine/megatron/transformer_impl.py", line 308, in initialize
[36m(MegatronWorkerGroup pid=27296)[0m     self._build_tf_config()
[36m(MegatronWorkerGroup pid=27296)[0m   File "/vePFS-Mindverse/share/code/verl/verl/workers/engine/megatron/transformer_impl.py", line 170, in _build_tf_config
[36m(MegatronWorkerGroup pid=27296)[0m     provider.finalize()
[36m(MegatronWorkerGroup pid=27296)[0m   File "/workspace/Megatron-Bridge/src/megatron/bridge/models/transformer_config.py", line 69, in finalize
[36m(MegatronWorkerGroup pid=27296)[0m     MCoreTransformerConfig.__post_init__(self)
[36m(MegatronWorkerGroup pid=27296)[0m   File "/workspace/Megatron-LM/megatron/core/transformer/transformer_config.py", line 755, in __post_init__
[36m(MegatronWorkerGroup pid=27296)[0m     raise ValueError(
[36m(MegatronWorkerGroup pid=27296)[0m ValueError: num_attention_heads (28) must be a multiple of tensor_model_parallel_size (8).
[36m(MegatronWorkerGroup pid=27296)[0m Unhandled error (suppress with 'RAY_IGNORE_UNHANDLED_ERRORS=1'): [36mray::MegatronRankWorker.initialize()[39m (pid=184800, ip=192.168.32.80, actor_id=c1c83d8f4527cf3b2e05377955000000, repr=<tinker_server.backend.megatron_distributed.MegatronRankWorker object at 0x7f9722fbc0d0>)
[36m(MegatronWorkerGroup pid=27296)[0m   File "/vePFS-Mindverse/share/code/tinker-server/tinker_server/backend/megatron_distributed.py", line 187, in initialize
[36m(MegatronWorkerGroup pid=27296)[0m     self._initialize_megatron()
[36m(MegatronWorkerGroup pid=27296)[0m   File "/vePFS-Mindverse/share/code/tinker-server/tinker_server/backend/megatron_distributed.py", line 378, in _initialize_megatron
[36m(MegatronWorkerGroup pid=27296)[0m     self.engine.initialize()
[36m(MegatronWorkerGroup pid=27296)[0m   File "/vePFS-Mindverse/share/code/verl/verl/workers/engine/megatron/transformer_impl.py", line 308, in initialize
[36m(MegatronWorkerGroup pid=27296)[0m     self._build_tf_config()
[36m(MegatronWorkerGroup pid=27296)[0m   File "/vePFS-Mindverse/share/code/verl/verl/workers/engine/megatron/transformer_impl.py", line 170, in _build_tf_config
[36m(MegatronWorkerGroup pid=27296)[0m     provider.finalize()
[36m(MegatronWorkerGroup pid=27296)[0m   File "/workspace/Megatron-Bridge/src/megatron/bridge/models/transformer_config.py", line 69, in finalize
[36m(MegatronWorkerGroup pid=27296)[0m     MCoreTransformerConfig.__post_init__(self)
[36m(MegatronWorkerGroup pid=27296)[0m   File "/workspace/Megatron-LM/megatron/core/transformer/transformer_config.py", line 755, in __post_init__
[36m(MegatronWorkerGroup pid=27296)[0m     raise ValueError(
[36m(MegatronWorkerGroup pid=27296)[0m ValueError: num_attention_heads (28) must be a multiple of tensor_model_parallel_size (8).
[36m(MegatronWorkerGroup pid=27296)[0m Unhandled error (suppress with 'RAY_IGNORE_UNHANDLED_ERRORS=1'): [36mray::MegatronRankWorker.initialize()[39m (pid=175926, ip=192.168.32.77, actor_id=f9e04c0dbbaffa2018d25edd55000000, repr=<tinker_server.backend.megatron_distributed.MegatronRankWorker object at 0x7fb4ac22c0d0>)
[36m(MegatronWorkerGroup pid=27296)[0m   File "/vePFS-Mindverse/share/code/tinker-server/tinker_server/backend/megatron_distributed.py", line 187, in initialize
[36m(MegatronWorkerGroup pid=27296)[0m     self._initialize_megatron()
[36m(MegatronWorkerGroup pid=27296)[0m   File "/vePFS-Mindverse/share/code/tinker-server/tinker_server/backend/megatron_distributed.py", line 378, in _initialize_megatron
[36m(MegatronWorkerGroup pid=27296)[0m     self.engine.initialize()
[36m(MegatronWorkerGroup pid=27296)[0m   File "/vePFS-Mindverse/share/code/verl/verl/workers/engine/megatron/transformer_impl.py", line 308, in initialize
[36m(MegatronWorkerGroup pid=27296)[0m     self._build_tf_config()
[36m(MegatronWorkerGroup pid=27296)[0m   File "/vePFS-Mindverse/share/code/verl/verl/workers/engine/megatron/transformer_impl.py", line 170, in _build_tf_config
[36m(MegatronWorkerGroup pid=27296)[0m     provider.finalize()
[36m(MegatronWorkerGroup pid=27296)[0m   File "/workspace/Megatron-Bridge/src/megatron/bridge/models/transformer_config.py", line 69, in finalize
[36m(MegatronWorkerGroup pid=27296)[0m     MCoreTransformerConfig.__post_init__(self)
[36m(MegatronWorkerGroup pid=27296)[0m   File "/workspace/Megatron-LM/megatron/core/transformer/transformer_config.py", line 755, in __post_init__
[36m(MegatronWorkerGroup pid=27296)[0m     raise ValueError(
[36m(MegatronWorkerGroup pid=27296)[0m ValueError: num_attention_heads (28) must be a multiple of tensor_model_parallel_size (8).
[36m(MegatronWorkerGroup pid=27296)[0m Unhandled error (suppress with 'RAY_IGNORE_UNHANDLED_ERRORS=1'): [36mray::MegatronRankWorker.initialize()[39m (pid=210482, ip=192.168.32.75, actor_id=f718cc7cae25b48004f31b8d55000000, repr=<tinker_server.backend.megatron_distributed.MegatronRankWorker object at 0x7f4d70e84100>)
[36m(MegatronWorkerGroup pid=27296)[0m   File "/vePFS-Mindverse/share/code/tinker-server/tinker_server/backend/megatron_distributed.py", line 187, in initialize
[36m(MegatronWorkerGroup pid=27296)[0m     self._initialize_megatron()
[36m(MegatronWorkerGroup pid=27296)[0m   File "/vePFS-Mindverse/share/code/tinker-server/tinker_server/backend/megatron_distributed.py", line 378, in _initialize_megatron
[36m(MegatronWorkerGroup pid=27296)[0m     self.engine.initialize()
[36m(MegatronWorkerGroup pid=27296)[0m   File "/vePFS-Mindverse/share/code/verl/verl/workers/engine/megatron/transformer_impl.py", line 308, in initialize
[36m(MegatronWorkerGroup pid=27296)[0m     self._build_tf_config()
[36m(MegatronWorkerGroup pid=27296)[0m   File "/vePFS-Mindverse/share/code/verl/verl/workers/engine/megatron/transformer_impl.py", line 170, in _build_tf_config
[36m(MegatronWorkerGroup pid=27296)[0m     provider.finalize()
[36m(MegatronWorkerGroup pid=27296)[0m   File "/workspace/Megatron-Bridge/src/megatron/bridge/models/transformer_config.py", line 69, in finalize
[36m(MegatronWorkerGroup pid=27296)[0m     MCoreTransformerConfig.__post_init__(self)
[36m(MegatronWorkerGroup pid=27296)[0m   File "/workspace/Megatron-LM/megatron/core/transformer/transformer_config.py", line 755, in __post_init__
[36m(MegatronWorkerGroup pid=27296)[0m     raise ValueError(
[36m(MegatronWorkerGroup pid=27296)[0m ValueError: num_attention_heads (28) must be a multiple of tensor_model_parallel_size (8).
[36m(MegatronWorkerGroup pid=27296)[0m Unhandled error (suppress with 'RAY_IGNORE_UNHANDLED_ERRORS=1'): [36mray::MegatronRankWorker.initialize()[39m (pid=178725, ip=192.168.32.79, actor_id=718086329884c8c2c0e4ab6555000000, repr=<tinker_server.backend.megatron_distributed.MegatronRankWorker object at 0x7f8a2bd2c100>)
[36m(MegatronWorkerGroup pid=27296)[0m   File "/vePFS-Mindverse/share/code/tinker-server/tinker_server/backend/megatron_distributed.py", line 187, in initialize
[36m(MegatronWorkerGroup pid=27296)[0m     self._initialize_megatron()
[36m(MegatronWorkerGroup pid=27296)[0m   File "/vePFS-Mindverse/share/code/tinker-server/tinker_server/backend/megatron_distributed.py", line 378, in _initialize_megatron
[36m(MegatronWorkerGroup pid=27296)[0m     self.engine.initialize()
[36m(MegatronWorkerGroup pid=27296)[0m   File "/vePFS-Mindverse/share/code/verl/verl/workers/engine/megatron/transformer_impl.py", line 308, in initialize
[36m(MegatronWorkerGroup pid=27296)[0m     self._build_tf_config()
[36m(MegatronWorkerGroup pid=27296)[0m   File "/vePFS-Mindverse/share/code/verl/verl/workers/engine/megatron/transformer_impl.py", line 170, in _build_tf_config
[36m(MegatronWorkerGroup pid=27296)[0m     provider.finalize()
[36m(MegatronWorkerGroup pid=27296)[0m   File "/workspace/Megatron-Bridge/src/megatron/bridge/models/transformer_config.py", line 69, in finalize
[36m(MegatronWorkerGroup pid=27296)[0m     MCoreTransformerConfig.__post_init__(self)
[36m(MegatronWorkerGroup pid=27296)[0m   File "/workspace/Megatron-LM/megatron/core/transformer/transformer_config.py", line 755, in __post_init__
[36m(MegatronWorkerGroup pid=27296)[0m     raise ValueError(
[36m(MegatronWorkerGroup pid=27296)[0m ValueError: num_attention_heads (28) must be a multiple of tensor_model_parallel_size (8).
[36m(MegatronWorkerGroup pid=27296)[0m Unhandled error (suppress with 'RAY_IGNORE_UNHANDLED_ERRORS=1'): [36mray::MegatronRankWorker.initialize()[39m (pid=182095, ip=192.168.32.82, actor_id=7ed56dbd36e8962e4367904955000000, repr=<tinker_server.backend.megatron_distributed.MegatronRankWorker object at 0x7fd937b00070>)
[36m(MegatronWorkerGroup pid=27296)[0m   File "/vePFS-Mindverse/share/code/tinker-server/tinker_server/backend/megatron_distributed.py", line 187, in initialize
[36m(MegatronWorkerGroup pid=27296)[0m     self._initialize_megatron()
[36m(MegatronWorkerGroup pid=27296)[0m   File "/vePFS-Mindverse/share/code/tinker-server/tinker_server/backend/megatron_distributed.py", line 378, in _initialize_megatron
[36m(MegatronWorkerGroup pid=27296)[0m     self.engine.initialize()
[36m(MegatronWorkerGroup pid=27296)[0m   File "/vePFS-Mindverse/share/code/verl/verl/workers/engine/megatron/transformer_impl.py", line 308, in initialize
[36m(MegatronWorkerGroup pid=27296)[0m     self._build_tf_config()
[36m(MegatronWorkerGroup pid=27296)[0m   File "/vePFS-Mindverse/share/code/verl/verl/workers/engine/megatron/transformer_impl.py", line 170, in _build_tf_config
[36m(MegatronWorkerGroup pid=27296)[0m     provider.finalize()
[36m(MegatronWorkerGroup pid=27296)[0m   File "/workspace/Megatron-Bridge/src/megatron/bridge/models/transformer_config.py", line 69, in finalize
[36m(MegatronWorkerGroup pid=27296)[0m     MCoreTransformerConfig.__post_init__(self)
[36m(MegatronWorkerGroup pid=27296)[0m   File "/workspace/Megatron-LM/megatron/core/transformer/transformer_config.py", line 755, in __post_init__
[36m(MegatronWorkerGroup pid=27296)[0m     raise ValueError(
[36m(MegatronWorkerGroup pid=27296)[0m ValueError: num_attention_heads (28) must be a multiple of tensor_model_parallel_size (8).
[36m(MegatronWorkerGroup pid=27296)[0m Unhandled error (suppress with 'RAY_IGNORE_UNHANDLED_ERRORS=1'): [36mray::MegatronRankWorker.initialize()[39m (pid=177460, ip=192.168.32.83, actor_id=a781928831f0a2c90c1c034c55000000, repr=<tinker_server.backend.megatron_distributed.MegatronRankWorker object at 0x7effc9bbc190>)
[36m(MegatronWorkerGroup pid=27296)[0m   File "/vePFS-Mindverse/share/code/tinker-server/tinker_server/backend/megatron_distributed.py", line 187, in initialize
[36m(MegatronWorkerGroup pid=27296)[0m     self._initialize_megatron()
[36m(MegatronWorkerGroup pid=27296)[0m   File "/vePFS-Mindverse/share/code/tinker-server/tinker_server/backend/megatron_distributed.py", line 378, in _initialize_megatron
[36m(MegatronWorkerGroup pid=27296)[0m     self.engine.initialize()
[36m(MegatronWorkerGroup pid=27296)[0m   File "/vePFS-Mindverse/share/code/verl/verl/workers/engine/megatron/transformer_impl.py", line 308, in initialize
[36m(MegatronWorkerGroup pid=27296)[0m     self._build_tf_config()
[36m(MegatronWorkerGroup pid=27296)[0m   File "/vePFS-Mindverse/share/code/verl/verl/workers/engine/megatron/transformer_impl.py", line 170, in _build_tf_config
[36m(MegatronWorkerGroup pid=27296)[0m     provider.finalize()
[36m(MegatronWorkerGroup pid=27296)[0m   File "/workspace/Megatron-Bridge/src/megatron/bridge/models/transformer_config.py", line 69, in finalize
[36m(MegatronWorkerGroup pid=27296)[0m     MCoreTransformerConfig.__post_init__(self)
[36m(MegatronWorkerGroup pid=27296)[0m   File "/workspace/Megatron-LM/megatron/core/transformer/transformer_config.py", line 755, in __post_init__
[36m(MegatronWorkerGroup pid=27296)[0m     raise ValueError(
[36m(MegatronWorkerGroup pid=27296)[0m ValueError: num_attention_heads (28) must be a multiple of tensor_model_parallel_size (8).
[36m(MegatronWorkerGroup pid=27296)[0m Unhandled error (suppress with 'RAY_IGNORE_UNHANDLED_ERRORS=1'): [36mray::MegatronRankWorker.initialize()[39m (pid=178723, ip=192.168.32.79, actor_id=4af886a1c459d9e02ec7a06b55000000, repr=<tinker_server.backend.megatron_distributed.MegatronRankWorker object at 0x7f6f2fbcc160>)
[36m(MegatronWorkerGroup pid=27296)[0m   File "/vePFS-Mindverse/share/code/tinker-server/tinker_server/backend/megatron_distributed.py", line 187, in initialize
[36m(MegatronWorkerGroup pid=27296)[0m     self._initialize_megatron()
[36m(MegatronWorkerGroup pid=27296)[0m   File "/vePFS-Mindverse/share/code/tinker-server/tinker_server/backend/megatron_distributed.py", line 378, in _initialize_megatron
[36m(MegatronWorkerGroup pid=27296)[0m     self.engine.initialize()
[36m(MegatronWorkerGroup pid=27296)[0m   File "/vePFS-Mindverse/share/code/verl/verl/workers/engine/megatron/transformer_impl.py", line 308, in initialize
[36m(MegatronWorkerGroup pid=27296)[0m     self._build_tf_config()
[36m(MegatronWorkerGroup pid=27296)[0m   File "/vePFS-Mindverse/share/code/verl/verl/workers/engine/megatron/transformer_impl.py", line 170, in _build_tf_config
[36m(MegatronWorkerGroup pid=27296)[0m     provider.finalize()
[36m(MegatronWorkerGroup pid=27296)[0m   File "/workspace/Megatron-Bridge/src/megatron/bridge/models/transformer_config.py", line 69, in finalize
[36m(MegatronWorkerGroup pid=27296)[0m     MCoreTransformerConfig.__post_init__(self)
[36m(MegatronWorkerGroup pid=27296)[0m   File "/workspace/Megatron-LM/megatron/core/transformer/transformer_config.py", line 755, in __post_init__
[36m(MegatronWorkerGroup pid=27296)[0m     raise ValueError(
[36m(MegatronWorkerGroup pid=27296)[0m ValueError: num_attention_heads (28) must be a multiple of tensor_model_parallel_size (8).
[36m(MegatronWorkerGroup pid=27296)[0m Unhandled error (suppress with 'RAY_IGNORE_UNHANDLED_ERRORS=1'): [36mray::MegatronRankWorker.initialize()[39m (pid=186645, ip=192.168.32.81, actor_id=b3905a5713ce95c5bbf69f7c55000000, repr=<tinker_server.backend.megatron_distributed.MegatronRankWorker object at 0x7f35f95b4160>)
[36m(MegatronWorkerGroup pid=27296)[0m   File "/vePFS-Mindverse/share/code/tinker-server/tinker_server/backend/megatron_distributed.py", line 187, in initialize
[36m(MegatronWorkerGroup pid=27296)[0m     self._initialize_megatron()
[36m(MegatronWorkerGroup pid=27296)[0m   File "/vePFS-Mindverse/share/code/tinker-server/tinker_server/backend/megatron_distributed.py", line 378, in _initialize_megatron
[36m(MegatronWorkerGroup pid=27296)[0m     self.engine.initialize()
[36m(MegatronWorkerGroup pid=27296)[0m   File "/vePFS-Mindverse/share/code/verl/verl/workers/engine/megatron/transformer_impl.py", line 308, in initialize
[36m(MegatronWorkerGroup pid=27296)[0m     self._build_tf_config()
[36m(MegatronWorkerGroup pid=27296)[0m   File "/vePFS-Mindverse/share/code/verl/verl/workers/engine/megatron/transformer_impl.py", line 170, in _build_tf_config
[36m(MegatronWorkerGroup pid=27296)[0m     provider.finalize()
[36m(MegatronWorkerGroup pid=27296)[0m   File "/workspace/Megatron-Bridge/src/megatron/bridge/models/transformer_config.py", line 69, in finalize
[36m(MegatronWorkerGroup pid=27296)[0m     MCoreTransformerConfig.__post_init__(self)
[36m(MegatronWorkerGroup pid=27296)[0m   File "/workspace/Megatron-LM/megatron/core/transformer/transformer_config.py", line 755, in __post_init__
[36m(MegatronWorkerGroup pid=27296)[0m     raise ValueError(
[36m(MegatronWorkerGroup pid=27296)[0m ValueError: num_attention_heads (28) must be a multiple of tensor_model_parallel_size (8).
[36m(MegatronWorkerGroup pid=27296)[0m Unhandled error (suppress with 'RAY_IGNORE_UNHANDLED_ERRORS=1'): [36mray::MegatronRankWorker.initialize()[39m (pid=186649, ip=192.168.32.81, actor_id=074f0445700d571cb1d5b29855000000, repr=<tinker_server.backend.megatron_distributed.MegatronRankWorker object at 0x7fdd2d3fc0d0>)
[36m(MegatronWorkerGroup pid=27296)[0m   File "/vePFS-Mindverse/share/code/tinker-server/tinker_server/backend/megatron_distributed.py", line 187, in initialize
[36m(MegatronWorkerGroup pid=27296)[0m     self._initialize_megatron()
[36m(MegatronWorkerGroup pid=27296)[0m   File "/vePFS-Mindverse/share/code/tinker-server/tinker_server/backend/megatron_distributed.py", line 378, in _initialize_megatron
[36m(MegatronWorkerGroup pid=27296)[0m     self.engine.initialize()
[36m(MegatronWorkerGroup pid=27296)[0m   File "/vePFS-Mindverse/share/code/verl/verl/workers/engine/megatron/transformer_impl.py", line 308, in initialize
[36m(MegatronWorkerGroup pid=27296)[0m     self._build_tf_config()
[36m(MegatronWorkerGroup pid=27296)[0m   File "/vePFS-Mindverse/share/code/verl/verl/workers/engine/megatron/transformer_impl.py", line 170, in _build_tf_config
[36m(MegatronWorkerGroup pid=27296)[0m     provider.finalize()
[36m(MegatronWorkerGroup pid=27296)[0m   File "/workspace/Megatron-Bridge/src/megatron/bridge/models/transformer_config.py", line 69, in finalize
[36m(MegatronWorkerGroup pid=27296)[0m     MCoreTransformerConfig.__post_init__(self)
[36m(MegatronWorkerGroup pid=27296)[0m   File "/workspace/Megatron-LM/megatron/core/transformer/transformer_config.py", line 755, in __post_init__
[36m(MegatronWorkerGroup pid=27296)[0m     raise ValueError(
[36m(MegatronWorkerGroup pid=27296)[0m ValueError: num_attention_heads (28) must be a multiple of tensor_model_parallel_size (8).
[36m(MegatronWorkerGroup pid=27296)[0m Unhandled error (suppress with 'RAY_IGNORE_UNHANDLED_ERRORS=1'): [36mray::MegatronRankWorker.initialize()[39m (pid=177461, ip=192.168.32.83, actor_id=8ce335c78683416cf14e031555000000, repr=<tinker_server.backend.megatron_distributed.MegatronRankWorker object at 0x7fc92bc1c160>)
[36m(MegatronWorkerGroup pid=27296)[0m   File "/vePFS-Mindverse/share/code/tinker-server/tinker_server/backend/megatron_distributed.py", line 187, in initialize
[36m(MegatronWorkerGroup pid=27296)[0m     self._initialize_megatron()
[36m(MegatronWorkerGroup pid=27296)[0m   File "/vePFS-Mindverse/share/code/tinker-server/tinker_server/backend/megatron_distributed.py", line 378, in _initialize_megatron
[36m(MegatronWorkerGroup pid=27296)[0m     self.engine.initialize()
[36m(MegatronWorkerGroup pid=27296)[0m   File "/vePFS-Mindverse/share/code/verl/verl/workers/engine/megatron/transformer_impl.py", line 308, in initialize
[36m(MegatronWorkerGroup pid=27296)[0m     self._build_tf_config()
[36m(MegatronWorkerGroup pid=27296)[0m   File "/vePFS-Mindverse/share/code/verl/verl/workers/engine/megatron/transformer_impl.py", line 170, in _build_tf_config
[36m(MegatronWorkerGroup pid=27296)[0m     provider.finalize()
[36m(MegatronWorkerGroup pid=27296)[0m   File "/workspace/Megatron-Bridge/src/megatron/bridge/models/transformer_config.py", line 69, in finalize
[36m(MegatronWorkerGroup pid=27296)[0m     MCoreTransformerConfig.__post_init__(self)
[36m(MegatronWorkerGroup pid=27296)[0m   File "/workspace/Megatron-LM/megatron/core/transformer/transformer_config.py", line 755, in __post_init__
[36m(MegatronWorkerGroup pid=27296)[0m     raise ValueError(
[36m(MegatronWorkerGroup pid=27296)[0m ValueError: num_attention_heads (28) must be a multiple of tensor_model_parallel_size (8).
[36m(MegatronWorkerGroup pid=27296)[0m Unhandled error (suppress with 'RAY_IGNORE_UNHANDLED_ERRORS=1'): [36mray::MegatronRankWorker.initialize()[39m (pid=190454, ip=192.168.32.76, actor_id=e1d3dedca24431cfb7c3d81955000000, repr=<tinker_server.backend.megatron_distributed.MegatronRankWorker object at 0x7f194eb040d0>)
[36m(MegatronWorkerGroup pid=27296)[0m   File "/vePFS-Mindverse/share/code/tinker-server/tinker_server/backend/megatron_distributed.py", line 187, in initialize
[36m(MegatronWorkerGroup pid=27296)[0m     self._initialize_megatron()
[36m(MegatronWorkerGroup pid=27296)[0m   File "/vePFS-Mindverse/share/code/tinker-server/tinker_server/backend/megatron_distributed.py", line 378, in _initialize_megatron
[36m(MegatronWorkerGroup pid=27296)[0m     self.engine.initialize()
[36m(MegatronWorkerGroup pid=27296)[0m   File "/vePFS-Mindverse/share/code/verl/verl/workers/engine/megatron/transformer_impl.py", line 308, in initialize
[36m(MegatronWorkerGroup pid=27296)[0m     self._build_tf_config()
[36m(MegatronWorkerGroup pid=27296)[0m   File "/vePFS-Mindverse/share/code/verl/verl/workers/engine/megatron/transformer_impl.py", line 170, in _build_tf_config
[36m(MegatronWorkerGroup pid=27296)[0m     provider.finalize()
[36m(MegatronWorkerGroup pid=27296)[0m   File "/workspace/Megatron-Bridge/src/megatron/bridge/models/transformer_config.py", line 69, in finalize
[36m(MegatronWorkerGroup pid=27296)[0m     MCoreTransformerConfig.__post_init__(self)
[36m(MegatronWorkerGroup pid=27296)[0m   File "/workspace/Megatron-LM/megatron/core/transformer/transformer_config.py", line 755, in __post_init__
[36m(MegatronWorkerGroup pid=27296)[0m     raise ValueError(
[36m(MegatronWorkerGroup pid=27296)[0m ValueError: num_attention_heads (28) must be a multiple of tensor_model_parallel_size (8).
[36m(MegatronRankWorker pid=182093, ip=192.168.32.82)[0m [Gloo] Rank 6 is connected to 7 peer ranks. Expected number of connected peer ranks is : 7
INFO:     127.0.0.1:43048 - "POST /api/v1/retrieve_future HTTP/1.1" 408 Request Timeout
[36m(MegatronWorkerGroup pid=27296)[0m Unhandled error (suppress with 'RAY_IGNORE_UNHANDLED_ERRORS=1'): [36mray::MegatronRankWorker.initialize()[39m (pid=184805, ip=192.168.32.80, actor_id=e6f89f598be7cc2b17dd3dce55000000, repr=<tinker_server.backend.megatron_distributed.MegatronRankWorker object at 0x7f264e724100>)
[36m(MegatronWorkerGroup pid=27296)[0m   File "/vePFS-Mindverse/share/code/tinker-server/tinker_server/backend/megatron_distributed.py", line 187, in initialize
[36m(MegatronWorkerGroup pid=27296)[0m     self._initialize_megatron()
[36m(MegatronWorkerGroup pid=27296)[0m   File "/vePFS-Mindverse/share/code/tinker-server/tinker_server/backend/megatron_distributed.py", line 378, in _initialize_megatron
[36m(MegatronWorkerGroup pid=27296)[0m     self.engine.initialize()
[36m(MegatronWorkerGroup pid=27296)[0m   File "/vePFS-Mindverse/share/code/verl/verl/workers/engine/megatron/transformer_impl.py", line 308, in initialize
[36m(MegatronWorkerGroup pid=27296)[0m     self._build_tf_config()
[36m(MegatronWorkerGroup pid=27296)[0m   File "/vePFS-Mindverse/share/code/verl/verl/workers/engine/megatron/transformer_impl.py", line 170, in _build_tf_config
[36m(MegatronWorkerGroup pid=27296)[0m     provider.finalize()
[36m(MegatronWorkerGroup pid=27296)[0m   File "/workspace/Megatron-Bridge/src/megatron/bridge/models/transformer_config.py", line 69, in finalize
[36m(MegatronWorkerGroup pid=27296)[0m     MCoreTransformerConfig.__post_init__(self)
[36m(MegatronWorkerGroup pid=27296)[0m   File "/workspace/Megatron-LM/megatron/core/transformer/transformer_config.py", line 755, in __post_init__
[36m(MegatronWorkerGroup pid=27296)[0m     raise ValueError(
[36m(MegatronWorkerGroup pid=27296)[0m ValueError: num_attention_heads (28) must be a multiple of tensor_model_parallel_size (8).
[36m(MegatronWorkerGroup pid=27296)[0m Unhandled error (suppress with 'RAY_IGNORE_UNHANDLED_ERRORS=1'): [36mray::MegatronRankWorker.initialize()[39m (pid=210484, ip=192.168.32.75, actor_id=2569f2aad6c4a6e212009e5d55000000, repr=<tinker_server.backend.megatron_distributed.MegatronRankWorker object at 0x7f9a84d04190>)
[36m(MegatronWorkerGroup pid=27296)[0m   File "/vePFS-Mindverse/share/code/tinker-server/tinker_server/backend/megatron_distributed.py", line 187, in initialize
[36m(MegatronWorkerGroup pid=27296)[0m     self._initialize_megatron()
[36m(MegatronWorkerGroup pid=27296)[0m   File "/vePFS-Mindverse/share/code/tinker-server/tinker_server/backend/megatron_distributed.py", line 378, in _initialize_megatron
[36m(MegatronWorkerGroup pid=27296)[0m     self.engine.initialize()
[36m(MegatronWorkerGroup pid=27296)[0m   File "/vePFS-Mindverse/share/code/verl/verl/workers/engine/megatron/transformer_impl.py", line 308, in initialize
[36m(MegatronWorkerGroup pid=27296)[0m     self._build_tf_config()
[36m(MegatronWorkerGroup pid=27296)[0m   File "/vePFS-Mindverse/share/code/verl/verl/workers/engine/megatron/transformer_impl.py", line 170, in _build_tf_config
[36m(MegatronWorkerGroup pid=27296)[0m     provider.finalize()
[36m(MegatronWorkerGroup pid=27296)[0m   File "/workspace/Megatron-Bridge/src/megatron/bridge/models/transformer_config.py", line 69, in finalize
[36m(MegatronWorkerGroup pid=27296)[0m     MCoreTransformerConfig.__post_init__(self)
[36m(MegatronWorkerGroup pid=27296)[0m   File "/workspace/Megatron-LM/megatron/core/transformer/transformer_config.py", line 755, in __post_init__
[36m(MegatronWorkerGroup pid=27296)[0m     raise ValueError(
[36m(MegatronWorkerGroup pid=27296)[0m ValueError: num_attention_heads (28) must be a multiple of tensor_model_parallel_size (8).
[36m(MegatronWorkerGroup pid=27296)[0m Unhandled error (suppress with 'RAY_IGNORE_UNHANDLED_ERRORS=1'): [36mray::MegatronRankWorker.initialize()[39m (pid=210480, ip=192.168.32.75, actor_id=9d8123c967092f54dd94409355000000, repr=<tinker_server.backend.megatron_distributed.MegatronRankWorker object at 0x7f9dbea18100>)
[36m(MegatronWorkerGroup pid=27296)[0m   File "/vePFS-Mindverse/share/code/tinker-server/tinker_server/backend/megatron_distributed.py", line 187, in initialize
[36m(MegatronWorkerGroup pid=27296)[0m     self._initialize_megatron()
[36m(MegatronWorkerGroup pid=27296)[0m   File "/vePFS-Mindverse/share/code/tinker-server/tinker_server/backend/megatron_distributed.py", line 378, in _initialize_megatron
[36m(MegatronWorkerGroup pid=27296)[0m     self.engine.initialize()
[36m(MegatronWorkerGroup pid=27296)[0m   File "/vePFS-Mindverse/share/code/verl/verl/workers/engine/megatron/transformer_impl.py", line 308, in initialize
[36m(MegatronWorkerGroup pid=27296)[0m     self._build_tf_config()
[36m(MegatronWorkerGroup pid=27296)[0m   File "/vePFS-Mindverse/share/code/verl/verl/workers/engine/megatron/transformer_impl.py", line 170, in _build_tf_config
[36m(MegatronWorkerGroup pid=27296)[0m     provider.finalize()
[36m(MegatronWorkerGroup pid=27296)[0m   File "/workspace/Megatron-Bridge/src/megatron/bridge/models/transformer_config.py", line 69, in finalize
[36m(MegatronWorkerGroup pid=27296)[0m     MCoreTransformerConfig.__post_init__(self)
[36m(MegatronWorkerGroup pid=27296)[0m   File "/workspace/Megatron-LM/megatron/core/transformer/transformer_config.py", line 755, in __post_init__
[36m(MegatronWorkerGroup pid=27296)[0m     raise ValueError(
[36m(MegatronWorkerGroup pid=27296)[0m ValueError: num_attention_heads (28) must be a multiple of tensor_model_parallel_size (8).
[36m(MegatronWorkerGroup pid=27296)[0m Unhandled error (suppress with 'RAY_IGNORE_UNHANDLED_ERRORS=1'): [36mray::MegatronRankWorker.initialize()[39m (pid=178718, ip=192.168.32.79, actor_id=f7e9d7d6edd17bc450454f4c55000000, repr=<tinker_server.backend.megatron_distributed.MegatronRankWorker object at 0x7fea74114130>)
[36m(MegatronWorkerGroup pid=27296)[0m   File "/vePFS-Mindverse/share/code/tinker-server/tinker_server/backend/megatron_distributed.py", line 187, in initialize
[36m(MegatronWorkerGroup pid=27296)[0m     self._initialize_megatron()
[36m(MegatronWorkerGroup pid=27296)[0m   File "/vePFS-Mindverse/share/code/tinker-server/tinker_server/backend/megatron_distributed.py", line 378, in _initialize_megatron
[36m(MegatronWorkerGroup pid=27296)[0m     self.engine.initialize()
[36m(MegatronWorkerGroup pid=27296)[0m   File "/vePFS-Mindverse/share/code/verl/verl/workers/engine/megatron/transformer_impl.py", line 308, in initialize
[36m(MegatronWorkerGroup pid=27296)[0m     self._build_tf_config()
[36m(MegatronWorkerGroup pid=27296)[0m   File "/vePFS-Mindverse/share/code/verl/verl/workers/engine/megatron/transformer_impl.py", line 170, in _build_tf_config
[36m(MegatronWorkerGroup pid=27296)[0m     provider.finalize()
[36m(MegatronWorkerGroup pid=27296)[0m   File "/workspace/Megatron-Bridge/src/megatron/bridge/models/transformer_config.py", line 69, in finalize
[36m(MegatronWorkerGroup pid=27296)[0m     MCoreTransformerConfig.__post_init__(self)
[36m(MegatronWorkerGroup pid=27296)[0m   File "/workspace/Megatron-LM/megatron/core/transformer/transformer_config.py", line 755, in __post_init__
[36m(MegatronWorkerGroup pid=27296)[0m     raise ValueError(
[36m(MegatronWorkerGroup pid=27296)[0m ValueError: num_attention_heads (28) must be a multiple of tensor_model_parallel_size (8).
[36m(MegatronWorkerGroup pid=27296)[0m Unhandled error (suppress with 'RAY_IGNORE_UNHANDLED_ERRORS=1'): [36mray::MegatronRankWorker.initialize()[39m (pid=186650, ip=192.168.32.81, actor_id=a6ded455badaca6734c1464055000000, repr=<tinker_server.backend.megatron_distributed.MegatronRankWorker object at 0x7f89855d8190>)
[36m(MegatronWorkerGroup pid=27296)[0m   File "/vePFS-Mindverse/share/code/tinker-server/tinker_server/backend/megatron_distributed.py", line 187, in initialize
[36m(MegatronWorkerGroup pid=27296)[0m     self._initialize_megatron()
[36m(MegatronWorkerGroup pid=27296)[0m   File "/vePFS-Mindverse/share/code/tinker-server/tinker_server/backend/megatron_distributed.py", line 378, in _initialize_megatron
[36m(MegatronWorkerGroup pid=27296)[0m     self.engine.initialize()
[36m(MegatronWorkerGroup pid=27296)[0m   File "/vePFS-Mindverse/share/code/verl/verl/workers/engine/megatron/transformer_impl.py", line 308, in initialize
[36m(MegatronWorkerGroup pid=27296)[0m     self._build_tf_config()
[36m(MegatronWorkerGroup pid=27296)[0m   File "/vePFS-Mindverse/share/code/verl/verl/workers/engine/megatron/transformer_impl.py", line 170, in _build_tf_config
[36m(MegatronWorkerGroup pid=27296)[0m     provider.finalize()
[36m(MegatronWorkerGroup pid=27296)[0m   File "/workspace/Megatron-Bridge/src/megatron/bridge/models/transformer_config.py", line 69, in finalize
[36m(MegatronWorkerGroup pid=27296)[0m     MCoreTransformerConfig.__post_init__(self)
[36m(MegatronWorkerGroup pid=27296)[0m   File "/workspace/Megatron-LM/megatron/core/transformer/transformer_config.py", line 755, in __post_init__
[36m(MegatronWorkerGroup pid=27296)[0m     raise ValueError(
[36m(MegatronWorkerGroup pid=27296)[0m ValueError: num_attention_heads (28) must be a multiple of tensor_model_parallel_size (8).
[36m(MegatronWorkerGroup pid=27296)[0m Unhandled error (suppress with 'RAY_IGNORE_UNHANDLED_ERRORS=1'): [36mray::MegatronRankWorker.initialize()[39m (pid=184804, ip=192.168.32.80, actor_id=c22ace0038128ae22e3e1ed355000000, repr=<tinker_server.backend.megatron_distributed.MegatronRankWorker object at 0x7fd01d7cc0a0>)
[36m(MegatronWorkerGroup pid=27296)[0m   File "/vePFS-Mindverse/share/code/tinker-server/tinker_server/backend/megatron_distributed.py", line 187, in initialize
[36m(MegatronWorkerGroup pid=27296)[0m     self._initialize_megatron()
[36m(MegatronWorkerGroup pid=27296)[0m   File "/vePFS-Mindverse/share/code/tinker-server/tinker_server/backend/megatron_distributed.py", line 378, in _initialize_megatron
[36m(MegatronWorkerGroup pid=27296)[0m     self.engine.initialize()
[36m(MegatronWorkerGroup pid=27296)[0m   File "/vePFS-Mindverse/share/code/verl/verl/workers/engine/megatron/transformer_impl.py", line 308, in initialize
[36m(MegatronWorkerGroup pid=27296)[0m     self._build_tf_config()
[36m(MegatronWorkerGroup pid=27296)[0m   File "/vePFS-Mindverse/share/code/verl/verl/workers/engine/megatron/transformer_impl.py", line 170, in _build_tf_config
[36m(MegatronWorkerGroup pid=27296)[0m     provider.finalize()
[36m(MegatronWorkerGroup pid=27296)[0m   File "/workspace/Megatron-Bridge/src/megatron/bridge/models/transformer_config.py", line 69, in finalize
[36m(MegatronWorkerGroup pid=27296)[0m     MCoreTransformerConfig.__post_init__(self)
[36m(MegatronWorkerGroup pid=27296)[0m   File "/workspace/Megatron-LM/megatron/core/transformer/transformer_config.py", line 755, in __post_init__
[36m(MegatronWorkerGroup pid=27296)[0m     raise ValueError(
[36m(MegatronWorkerGroup pid=27296)[0m ValueError: num_attention_heads (28) must be a multiple of tensor_model_parallel_size (8).
[36m(MegatronWorkerGroup pid=27296)[0m Unhandled error (suppress with 'RAY_IGNORE_UNHANDLED_ERRORS=1'): [36mray::MegatronRankWorker.initialize()[39m (pid=177457, ip=192.168.32.83, actor_id=58f7cbd21296e3524f9faf2c55000000, repr=<tinker_server.backend.megatron_distributed.MegatronRankWorker object at 0x7f520da801c0>)
[36m(MegatronWorkerGroup pid=27296)[0m   File "/vePFS-Mindverse/share/code/tinker-server/tinker_server/backend/megatron_distributed.py", line 187, in initialize
[36m(MegatronWorkerGroup pid=27296)[0m     self._initialize_megatron()
[36m(MegatronWorkerGroup pid=27296)[0m   File "/vePFS-Mindverse/share/code/tinker-server/tinker_server/backend/megatron_distributed.py", line 378, in _initialize_megatron
[36m(MegatronWorkerGroup pid=27296)[0m     self.engine.initialize()
[36m(MegatronWorkerGroup pid=27296)[0m   File "/vePFS-Mindverse/share/code/verl/verl/workers/engine/megatron/transformer_impl.py", line 308, in initialize
[36m(MegatronWorkerGroup pid=27296)[0m     self._build_tf_config()
[36m(MegatronWorkerGroup pid=27296)[0m   File "/vePFS-Mindverse/share/code/verl/verl/workers/engine/megatron/transformer_impl.py", line 170, in _build_tf_config
[36m(MegatronWorkerGroup pid=27296)[0m     provider.finalize()
[36m(MegatronWorkerGroup pid=27296)[0m   File "/workspace/Megatron-Bridge/src/megatron/bridge/models/transformer_config.py", line 69, in finalize
[36m(MegatronWorkerGroup pid=27296)[0m     MCoreTransformerConfig.__post_init__(self)
[36m(MegatronWorkerGroup pid=27296)[0m   File "/workspace/Megatron-LM/megatron/core/transformer/transformer_config.py", line 755, in __post_init__
[36m(MegatronWorkerGroup pid=27296)[0m     raise ValueError(
[36m(MegatronWorkerGroup pid=27296)[0m ValueError: num_attention_heads (28) must be a multiple of tensor_model_parallel_size (8).
[36m(MegatronWorkerGroup pid=27296)[0m Unhandled error (suppress with 'RAY_IGNORE_UNHANDLED_ERRORS=1'): [36mray::MegatronRankWorker.initialize()[39m (pid=210479, ip=192.168.32.75, actor_id=99e03dbe5ca1425ed2944b0955000000, repr=<tinker_server.backend.megatron_distributed.MegatronRankWorker object at 0x7f938c504160>)
[36m(MegatronWorkerGroup pid=27296)[0m   File "/vePFS-Mindverse/share/code/tinker-server/tinker_server/backend/megatron_distributed.py", line 187, in initialize
[36m(MegatronWorkerGroup pid=27296)[0m     self._initialize_megatron()
[36m(MegatronWorkerGroup pid=27296)[0m   File "/vePFS-Mindverse/share/code/tinker-server/tinker_server/backend/megatron_distributed.py", line 378, in _initialize_megatron
[36m(MegatronWorkerGroup pid=27296)[0m     self.engine.initialize()
[36m(MegatronWorkerGroup pid=27296)[0m   File "/vePFS-Mindverse/share/code/verl/verl/workers/engine/megatron/transformer_impl.py", line 308, in initialize
[36m(MegatronWorkerGroup pid=27296)[0m     self._build_tf_config()
[36m(MegatronWorkerGroup pid=27296)[0m   File "/vePFS-Mindverse/share/code/verl/verl/workers/engine/megatron/transformer_impl.py", line 170, in _build_tf_config
[36m(MegatronWorkerGroup pid=27296)[0m     provider.finalize()
[36m(MegatronWorkerGroup pid=27296)[0m   File "/workspace/Megatron-Bridge/src/megatron/bridge/models/transformer_config.py", line 69, in finalize
[36m(MegatronWorkerGroup pid=27296)[0m     MCoreTransformerConfig.__post_init__(self)
[36m(MegatronWorkerGroup pid=27296)[0m   File "/workspace/Megatron-LM/megatron/core/transformer/transformer_config.py", line 755, in __post_init__
[36m(MegatronWorkerGroup pid=27296)[0m     raise ValueError(
[36m(MegatronWorkerGroup pid=27296)[0m ValueError: num_attention_heads (28) must be a multiple of tensor_model_parallel_size (8).
[36m(MegatronWorkerGroup pid=27296)[0m Unhandled error (suppress with 'RAY_IGNORE_UNHANDLED_ERRORS=1'): [36mray::MegatronRankWorker.initialize()[39m (pid=186647, ip=192.168.32.81, actor_id=e8262f9e86baf6c8027bf1be55000000, repr=<tinker_server.backend.megatron_distributed.MegatronRankWorker object at 0x7f0bd6318130>)
[36m(MegatronWorkerGroup pid=27296)[0m   File "/vePFS-Mindverse/share/code/tinker-server/tinker_server/backend/megatron_distributed.py", line 187, in initialize
[36m(MegatronWorkerGroup pid=27296)[0m     self._initialize_megatron()
[36m(MegatronWorkerGroup pid=27296)[0m   File "/vePFS-Mindverse/share/code/tinker-server/tinker_server/backend/megatron_distributed.py", line 378, in _initialize_megatron
[36m(MegatronWorkerGroup pid=27296)[0m     self.engine.initialize()
[36m(MegatronWorkerGroup pid=27296)[0m   File "/vePFS-Mindverse/share/code/verl/verl/workers/engine/megatron/transformer_impl.py", line 308, in initialize
[36m(MegatronWorkerGroup pid=27296)[0m     self._build_tf_config()
[36m(MegatronWorkerGroup pid=27296)[0m   File "/vePFS-Mindverse/share/code/verl/verl/workers/engine/megatron/transformer_impl.py", line 170, in _build_tf_config
[36m(MegatronWorkerGroup pid=27296)[0m     provider.finalize()
[36m(MegatronWorkerGroup pid=27296)[0m   File "/workspace/Megatron-Bridge/src/megatron/bridge/models/transformer_config.py", line 69, in finalize
[36m(MegatronWorkerGroup pid=27296)[0m     MCoreTransformerConfig.__post_init__(self)
[36m(MegatronWorkerGroup pid=27296)[0m   File "/workspace/Megatron-LM/megatron/core/transformer/transformer_config.py", line 755, in __post_init__
[36m(MegatronWorkerGroup pid=27296)[0m     raise ValueError(
[36m(MegatronWorkerGroup pid=27296)[0m ValueError: num_attention_heads (28) must be a multiple of tensor_model_parallel_size (8).
[36m(MegatronWorkerGroup pid=27296)[0m Unhandled error (suppress with 'RAY_IGNORE_UNHANDLED_ERRORS=1'): [36mray::MegatronRankWorker.initialize()[39m (pid=190456, ip=192.168.32.76, actor_id=dfced5b8907e57913d7c210d55000000, repr=<tinker_server.backend.megatron_distributed.MegatronRankWorker object at 0x7f6729a180d0>)
[36m(MegatronWorkerGroup pid=27296)[0m   File "/vePFS-Mindverse/share/code/tinker-server/tinker_server/backend/megatron_distributed.py", line 187, in initialize
[36m(MegatronWorkerGroup pid=27296)[0m     self._initialize_megatron()
[36m(MegatronWorkerGroup pid=27296)[0m   File "/vePFS-Mindverse/share/code/tinker-server/tinker_server/backend/megatron_distributed.py", line 378, in _initialize_megatron
[36m(MegatronWorkerGroup pid=27296)[0m     self.engine.initialize()
[36m(MegatronWorkerGroup pid=27296)[0m   File "/vePFS-Mindverse/share/code/verl/verl/workers/engine/megatron/transformer_impl.py", line 308, in initialize
[36m(MegatronWorkerGroup pid=27296)[0m     self._build_tf_config()
[36m(MegatronWorkerGroup pid=27296)[0m   File "/vePFS-Mindverse/share/code/verl/verl/workers/engine/megatron/transformer_impl.py", line 170, in _build_tf_config
[36m(MegatronWorkerGroup pid=27296)[0m     provider.finalize()
[36m(MegatronWorkerGroup pid=27296)[0m   File "/workspace/Megatron-Bridge/src/megatron/bridge/models/transformer_config.py", line 69, in finalize
[36m(MegatronWorkerGroup pid=27296)[0m     MCoreTransformerConfig.__post_init__(self)
[36m(MegatronWorkerGroup pid=27296)[0m   File "/workspace/Megatron-LM/megatron/core/transformer/transformer_config.py", line 755, in __post_init__
[36m(MegatronWorkerGroup pid=27296)[0m     raise ValueError(
[36m(MegatronWorkerGroup pid=27296)[0m ValueError: num_attention_heads (28) must be a multiple of tensor_model_parallel_size (8).
[36m(MegatronWorkerGroup pid=27296)[0m Unhandled error (suppress with 'RAY_IGNORE_UNHANDLED_ERRORS=1'): [36mray::MegatronRankWorker.initialize()[39m (pid=182096, ip=192.168.32.82, actor_id=48dc30e9a6a9ff5aec9b621e55000000, repr=<tinker_server.backend.megatron_distributed.MegatronRankWorker object at 0x7f43021800d0>)
[36m(MegatronWorkerGroup pid=27296)[0m   File "/vePFS-Mindverse/share/code/tinker-server/tinker_server/backend/megatron_distributed.py", line 187, in initialize
[36m(MegatronWorkerGroup pid=27296)[0m     self._initialize_megatron()
[36m(MegatronWorkerGroup pid=27296)[0m   File "/vePFS-Mindverse/share/code/tinker-server/tinker_server/backend/megatron_distributed.py", line 378, in _initialize_megatron
[36m(MegatronWorkerGroup pid=27296)[0m     self.engine.initialize()
[36m(MegatronWorkerGroup pid=27296)[0m   File "/vePFS-Mindverse/share/code/verl/verl/workers/engine/megatron/transformer_impl.py", line 308, in initialize
[36m(MegatronWorkerGroup pid=27296)[0m     self._build_tf_config()
[36m(MegatronWorkerGroup pid=27296)[0m   File "/vePFS-Mindverse/share/code/verl/verl/workers/engine/megatron/transformer_impl.py", line 170, in _build_tf_config
[36m(MegatronWorkerGroup pid=27296)[0m     provider.finalize()
[36m(MegatronWorkerGroup pid=27296)[0m   File "/workspace/Megatron-Bridge/src/megatron/bridge/models/transformer_config.py", line 69, in finalize
[36m(MegatronWorkerGroup pid=27296)[0m     MCoreTransformerConfig.__post_init__(self)
[36m(MegatronWorkerGroup pid=27296)[0m   File "/workspace/Megatron-LM/megatron/core/transformer/transformer_config.py", line 755, in __post_init__
[36m(MegatronWorkerGroup pid=27296)[0m     raise ValueError(
[36m(MegatronWorkerGroup pid=27296)[0m ValueError: num_attention_heads (28) must be a multiple of tensor_model_parallel_size (8).
[36m(MegatronWorkerGroup pid=27296)[0m Unhandled error (suppress with 'RAY_IGNORE_UNHANDLED_ERRORS=1'): [36mray::MegatronRankWorker.initialize()[39m (pid=175929, ip=192.168.32.77, actor_id=86f277dcff1e3278ba4be96b55000000, repr=<tinker_server.backend.megatron_distributed.MegatronRankWorker object at 0x7fe41291c160>)
[36m(MegatronWorkerGroup pid=27296)[0m   File "/vePFS-Mindverse/share/code/tinker-server/tinker_server/backend/megatron_distributed.py", line 187, in initialize
[36m(MegatronWorkerGroup pid=27296)[0m     self._initialize_megatron()
[36m(MegatronWorkerGroup pid=27296)[0m   File "/vePFS-Mindverse/share/code/tinker-server/tinker_server/backend/megatron_distributed.py", line 378, in _initialize_megatron
[36m(MegatronWorkerGroup pid=27296)[0m     self.engine.initialize()
[36m(MegatronWorkerGroup pid=27296)[0m   File "/vePFS-Mindverse/share/code/verl/verl/workers/engine/megatron/transformer_impl.py", line 308, in initialize
[36m(MegatronWorkerGroup pid=27296)[0m     self._build_tf_config()
[36m(MegatronWorkerGroup pid=27296)[0m   File "/vePFS-Mindverse/share/code/verl/verl/workers/engine/megatron/transformer_impl.py", line 170, in _build_tf_config
[36m(MegatronWorkerGroup pid=27296)[0m     provider.finalize()
[36m(MegatronWorkerGroup pid=27296)[0m   File "/workspace/Megatron-Bridge/src/megatron/bridge/models/transformer_config.py", line 69, in finalize
[36m(MegatronWorkerGroup pid=27296)[0m     MCoreTransformerConfig.__post_init__(self)
[36m(MegatronWorkerGroup pid=27296)[0m   File "/workspace/Megatron-LM/megatron/core/transformer/transformer_config.py", line 755, in __post_init__
[36m(MegatronWorkerGroup pid=27296)[0m     raise ValueError(
[36m(MegatronWorkerGroup pid=27296)[0m ValueError: num_attention_heads (28) must be a multiple of tensor_model_parallel_size (8).
[36m(MegatronWorkerGroup pid=27296)[0m Unhandled error (suppress with 'RAY_IGNORE_UNHANDLED_ERRORS=1'): [36mray::MegatronRankWorker.initialize()[39m (pid=177458, ip=192.168.32.83, actor_id=ef2b61d89e3d333d8fe8854855000000, repr=<tinker_server.backend.megatron_distributed.MegatronRankWorker object at 0x7fe0ea2981c0>)
[36m(MegatronWorkerGroup pid=27296)[0m   File "/vePFS-Mindverse/share/code/tinker-server/tinker_server/backend/megatron_distributed.py", line 187, in initialize
[36m(MegatronWorkerGroup pid=27296)[0m     self._initialize_megatron()
[36m(MegatronWorkerGroup pid=27296)[0m   File "/vePFS-Mindverse/share/code/tinker-server/tinker_server/backend/megatron_distributed.py", line 378, in _initialize_megatron
[36m(MegatronWorkerGroup pid=27296)[0m     self.engine.initialize()
[36m(MegatronWorkerGroup pid=27296)[0m   File "/vePFS-Mindverse/share/code/verl/verl/workers/engine/megatron/transformer_impl.py", line 308, in initialize
[36m(MegatronWorkerGroup pid=27296)[0m     self._build_tf_config()
[36m(MegatronWorkerGroup pid=27296)[0m   File "/vePFS-Mindverse/share/code/verl/verl/workers/engine/megatron/transformer_impl.py", line 170, in _build_tf_config
[36m(MegatronWorkerGroup pid=27296)[0m     provider.finalize()
[36m(MegatronWorkerGroup pid=27296)[0m   File "/workspace/Megatron-Bridge/src/megatron/bridge/models/transformer_config.py", line 69, in finalize
[36m(MegatronWorkerGroup pid=27296)[0m     MCoreTransformerConfig.__post_init__(self)
[36m(MegatronWorkerGroup pid=27296)[0m   File "/workspace/Megatron-LM/megatron/core/transformer/transformer_config.py", line 755, in __post_init__
[36m(MegatronWorkerGroup pid=27296)[0m     raise ValueError(
[36m(MegatronWorkerGroup pid=27296)[0m ValueError: num_attention_heads (28) must be a multiple of tensor_model_parallel_size (8).
[36m(MegatronWorkerGroup pid=27296)[0m Unhandled error (suppress with 'RAY_IGNORE_UNHANDLED_ERRORS=1'): [36mray::MegatronRankWorker.initialize()[39m (pid=178721, ip=192.168.32.79, actor_id=e192b22e883c04f60888f05055000000, repr=<tinker_server.backend.megatron_distributed.MegatronRankWorker object at 0x7f4c2a59c100>)
[36m(MegatronWorkerGroup pid=27296)[0m   File "/vePFS-Mindverse/share/code/tinker-server/tinker_server/backend/megatron_distributed.py", line 187, in initialize
[36m(MegatronWorkerGroup pid=27296)[0m     self._initialize_megatron()
[36m(MegatronWorkerGroup pid=27296)[0m   File "/vePFS-Mindverse/share/code/tinker-server/tinker_server/backend/megatron_distributed.py", line 378, in _initialize_megatron
[36m(MegatronWorkerGroup pid=27296)[0m     self.engine.initialize()
[36m(MegatronWorkerGroup pid=27296)[0m   File "/vePFS-Mindverse/share/code/verl/verl/workers/engine/megatron/transformer_impl.py", line 308, in initialize
[36m(MegatronWorkerGroup pid=27296)[0m     self._build_tf_config()
[36m(MegatronWorkerGroup pid=27296)[0m   File "/vePFS-Mindverse/share/code/verl/verl/workers/engine/megatron/transformer_impl.py", line 170, in _build_tf_config
[36m(MegatronWorkerGroup pid=27296)[0m     provider.finalize()
[36m(MegatronWorkerGroup pid=27296)[0m   File "/workspace/Megatron-Bridge/src/megatron/bridge/models/transformer_config.py", line 69, in finalize
[36m(MegatronWorkerGroup pid=27296)[0m     MCoreTransformerConfig.__post_init__(self)
[36m(MegatronWorkerGroup pid=27296)[0m   File "/workspace/Megatron-LM/megatron/core/transformer/transformer_config.py", line 755, in __post_init__
[36m(MegatronWorkerGroup pid=27296)[0m     raise ValueError(
[36m(MegatronWorkerGroup pid=27296)[0m ValueError: num_attention_heads (28) must be a multiple of tensor_model_parallel_size (8).
[36m(MegatronWorkerGroup pid=27296)[0m Unhandled error (suppress with 'RAY_IGNORE_UNHANDLED_ERRORS=1'): [36mray::MegatronRankWorker.initialize()[39m (pid=186644, ip=192.168.32.81, actor_id=917068e8363c648699797e1355000000, repr=<tinker_server.backend.megatron_distributed.MegatronRankWorker object at 0x7f04404240d0>)
[36m(MegatronWorkerGroup pid=27296)[0m   File "/vePFS-Mindverse/share/code/tinker-server/tinker_server/backend/megatron_distributed.py", line 187, in initialize
[36m(MegatronWorkerGroup pid=27296)[0m     self._initialize_megatron()
[36m(MegatronWorkerGroup pid=27296)[0m   File "/vePFS-Mindverse/share/code/tinker-server/tinker_server/backend/megatron_distributed.py", line 378, in _initialize_megatron
[36m(MegatronWorkerGroup pid=27296)[0m     self.engine.initialize()
[36m(MegatronWorkerGroup pid=27296)[0m   File "/vePFS-Mindverse/share/code/verl/verl/workers/engine/megatron/transformer_impl.py", line 308, in initialize
[36m(MegatronWorkerGroup pid=27296)[0m     self._build_tf_config()
[36m(MegatronWorkerGroup pid=27296)[0m   File "/vePFS-Mindverse/share/code/verl/verl/workers/engine/megatron/transformer_impl.py", line 170, in _build_tf_config
[36m(MegatronWorkerGroup pid=27296)[0m     provider.finalize()
[36m(MegatronWorkerGroup pid=27296)[0m   File "/workspace/Megatron-Bridge/src/megatron/bridge/models/transformer_config.py", line 69, in finalize
[36m(MegatronWorkerGroup pid=27296)[0m     MCoreTransformerConfig.__post_init__(self)
[36m(MegatronWorkerGroup pid=27296)[0m   File "/workspace/Megatron-LM/megatron/core/transformer/transformer_config.py", line 755, in __post_init__
[36m(MegatronWorkerGroup pid=27296)[0m     raise ValueError(
[36m(MegatronWorkerGroup pid=27296)[0m ValueError: num_attention_heads (28) must be a multiple of tensor_model_parallel_size (8).
[36m(MegatronWorkerGroup pid=27296)[0m Unhandled error (suppress with 'RAY_IGNORE_UNHANDLED_ERRORS=1'): [36mray::MegatronRankWorker.initialize()[39m (pid=210483, ip=192.168.32.75, actor_id=22a5dbae05583110a52aa6f755000000, repr=<tinker_server.backend.megatron_distributed.MegatronRankWorker object at 0x7f626b5840a0>)
[36m(MegatronWorkerGroup pid=27296)[0m   File "/vePFS-Mindverse/share/code/tinker-server/tinker_server/backend/megatron_distributed.py", line 187, in initialize
[36m(MegatronWorkerGroup pid=27296)[0m     self._initialize_megatron()
[36m(MegatronWorkerGroup pid=27296)[0m   File "/vePFS-Mindverse/share/code/tinker-server/tinker_server/backend/megatron_distributed.py", line 378, in _initialize_megatron
[36m(MegatronWorkerGroup pid=27296)[0m     self.engine.initialize()
[36m(MegatronWorkerGroup pid=27296)[0m   File "/vePFS-Mindverse/share/code/verl/verl/workers/engine/megatron/transformer_impl.py", line 308, in initialize
[36m(MegatronWorkerGroup pid=27296)[0m     self._build_tf_config()
[36m(MegatronWorkerGroup pid=27296)[0m   File "/vePFS-Mindverse/share/code/verl/verl/workers/engine/megatron/transformer_impl.py", line 170, in _build_tf_config
[36m(MegatronWorkerGroup pid=27296)[0m     provider.finalize()
[36m(MegatronWorkerGroup pid=27296)[0m   File "/workspace/Megatron-Bridge/src/megatron/bridge/models/transformer_config.py", line 69, in finalize
[36m(MegatronWorkerGroup pid=27296)[0m     MCoreTransformerConfig.__post_init__(self)
[36m(MegatronWorkerGroup pid=27296)[0m   File "/workspace/Megatron-LM/megatron/core/transformer/transformer_config.py", line 755, in __post_init__
[36m(MegatronWorkerGroup pid=27296)[0m     raise ValueError(
[36m(MegatronWorkerGroup pid=27296)[0m ValueError: num_attention_heads (28) must be a multiple of tensor_model_parallel_size (8).
[36m(MegatronWorkerGroup pid=27296)[0m Unhandled error (suppress with 'RAY_IGNORE_UNHANDLED_ERRORS=1'): [36mray::MegatronRankWorker.initialize()[39m (pid=184802, ip=192.168.32.80, actor_id=7f92cf6b885bf1dfb6e1835455000000, repr=<tinker_server.backend.megatron_distributed.MegatronRankWorker object at 0x7f5aff000190>)
[36m(MegatronWorkerGroup pid=27296)[0m   File "/vePFS-Mindverse/share/code/tinker-server/tinker_server/backend/megatron_distributed.py", line 187, in initialize
[36m(MegatronWorkerGroup pid=27296)[0m     self._initialize_megatron()
[36m(MegatronWorkerGroup pid=27296)[0m   File "/vePFS-Mindverse/share/code/tinker-server/tinker_server/backend/megatron_distributed.py", line 378, in _initialize_megatron
[36m(MegatronWorkerGroup pid=27296)[0m     self.engine.initialize()
[36m(MegatronWorkerGroup pid=27296)[0m   File "/vePFS-Mindverse/share/code/verl/verl/workers/engine/megatron/transformer_impl.py", line 308, in initialize
[36m(MegatronWorkerGroup pid=27296)[0m     self._build_tf_config()
[36m(MegatronWorkerGroup pid=27296)[0m   File "/vePFS-Mindverse/share/code/verl/verl/workers/engine/megatron/transformer_impl.py", line 170, in _build_tf_config
[36m(MegatronWorkerGroup pid=27296)[0m     provider.finalize()
[36m(MegatronWorkerGroup pid=27296)[0m   File "/workspace/Megatron-Bridge/src/megatron/bridge/models/transformer_config.py", line 69, in finalize
[36m(MegatronWorkerGroup pid=27296)[0m     MCoreTransformerConfig.__post_init__(self)
[36m(MegatronWorkerGroup pid=27296)[0m   File "/workspace/Megatron-LM/megatron/core/transformer/transformer_config.py", line 755, in __post_init__
[36m(MegatronWorkerGroup pid=27296)[0m     raise ValueError(
[36m(MegatronWorkerGroup pid=27296)[0m ValueError: num_attention_heads (28) must be a multiple of tensor_model_parallel_size (8).
[36m(MegatronWorkerGroup pid=27296)[0m Unhandled error (suppress with 'RAY_IGNORE_UNHANDLED_ERRORS=1'): [36mray::MegatronRankWorker.initialize()[39m (pid=190460, ip=192.168.32.76, actor_id=3d03c0d06651334a27f12ea655000000, repr=<tinker_server.backend.megatron_distributed.MegatronRankWorker object at 0x7fc57107c1c0>)
[36m(MegatronWorkerGroup pid=27296)[0m   File "/vePFS-Mindverse/share/code/tinker-server/tinker_server/backend/megatron_distributed.py", line 187, in initialize
[36m(MegatronWorkerGroup pid=27296)[0m     self._initialize_megatron()
[36m(MegatronWorkerGroup pid=27296)[0m   File "/vePFS-Mindverse/share/code/tinker-server/tinker_server/backend/megatron_distributed.py", line 378, in _initialize_megatron
[36m(MegatronWorkerGroup pid=27296)[0m     self.engine.initialize()
[36m(MegatronWorkerGroup pid=27296)[0m   File "/vePFS-Mindverse/share/code/verl/verl/workers/engine/megatron/transformer_impl.py", line 308, in initialize
[36m(MegatronWorkerGroup pid=27296)[0m     self._build_tf_config()
[36m(MegatronWorkerGroup pid=27296)[0m   File "/vePFS-Mindverse/share/code/verl/verl/workers/engine/megatron/transformer_impl.py", line 170, in _build_tf_config
[36m(MegatronWorkerGroup pid=27296)[0m     provider.finalize()
[36m(MegatronWorkerGroup pid=27296)[0m   File "/workspace/Megatron-Bridge/src/megatron/bridge/models/transformer_config.py", line 69, in finalize
[36m(MegatronWorkerGroup pid=27296)[0m     MCoreTransformerConfig.__post_init__(self)
[36m(MegatronWorkerGroup pid=27296)[0m   File "/workspace/Megatron-LM/megatron/core/transformer/transformer_config.py", line 755, in __post_init__
[36m(MegatronWorkerGroup pid=27296)[0m     raise ValueError(
[36m(MegatronWorkerGroup pid=27296)[0m ValueError: num_attention_heads (28) must be a multiple of tensor_model_parallel_size (8).
[36m(MegatronWorkerGroup pid=27296)[0m Unhandled error (suppress with 'RAY_IGNORE_UNHANDLED_ERRORS=1'): [36mray::MegatronRankWorker.initialize()[39m (pid=190457, ip=192.168.32.76, actor_id=8a495be72ef64162aadde56b55000000, repr=<tinker_server.backend.megatron_distributed.MegatronRankWorker object at 0x7f5e40a48130>)
[36m(MegatronWorkerGroup pid=27296)[0m   File "/vePFS-Mindverse/share/code/tinker-server/tinker_server/backend/megatron_distributed.py", line 187, in initialize
[36m(MegatronWorkerGroup pid=27296)[0m     self._initialize_megatron()
[36m(MegatronWorkerGroup pid=27296)[0m   File "/vePFS-Mindverse/share/code/tinker-server/tinker_server/backend/megatron_distributed.py", line 378, in _initialize_megatron
[36m(MegatronWorkerGroup pid=27296)[0m     self.engine.initialize()
[36m(MegatronWorkerGroup pid=27296)[0m   File "/vePFS-Mindverse/share/code/verl/verl/workers/engine/megatron/transformer_impl.py", line 308, in initialize
[36m(MegatronWorkerGroup pid=27296)[0m     self._build_tf_config()
[36m(MegatronWorkerGroup pid=27296)[0m   File "/vePFS-Mindverse/share/code/verl/verl/workers/engine/megatron/transformer_impl.py", line 170, in _build_tf_config
[36m(MegatronWorkerGroup pid=27296)[0m     provider.finalize()
[36m(MegatronWorkerGroup pid=27296)[0m   File "/workspace/Megatron-Bridge/src/megatron/bridge/models/transformer_config.py", line 69, in finalize
[36m(MegatronWorkerGroup pid=27296)[0m     MCoreTransformerConfig.__post_init__(self)
[36m(MegatronWorkerGroup pid=27296)[0m   File "/workspace/Megatron-LM/megatron/core/transformer/transformer_config.py", line 755, in __post_init__
[36m(MegatronWorkerGroup pid=27296)[0m     raise ValueError(
[36m(MegatronWorkerGroup pid=27296)[0m ValueError: num_attention_heads (28) must be a multiple of tensor_model_parallel_size (8).
[36m(MegatronWorkerGroup pid=27296)[0m Unhandled error (suppress with 'RAY_IGNORE_UNHANDLED_ERRORS=1'): [36mray::MegatronRankWorker.initialize()[39m (pid=184803, ip=192.168.32.80, actor_id=7fc1f34349193462d73b335155000000, repr=<tinker_server.backend.megatron_distributed.MegatronRankWorker object at 0x7f85fd7f4160>)
[36m(MegatronWorkerGroup pid=27296)[0m   File "/vePFS-Mindverse/share/code/tinker-server/tinker_server/backend/megatron_distributed.py", line 187, in initialize
[36m(MegatronWorkerGroup pid=27296)[0m     self._initialize_megatron()
[36m(MegatronWorkerGroup pid=27296)[0m   File "/vePFS-Mindverse/share/code/tinker-server/tinker_server/backend/megatron_distributed.py", line 378, in _initialize_megatron
[36m(MegatronWorkerGroup pid=27296)[0m     self.engine.initialize()
[36m(MegatronWorkerGroup pid=27296)[0m   File "/vePFS-Mindverse/share/code/verl/verl/workers/engine/megatron/transformer_impl.py", line 308, in initialize
[36m(MegatronWorkerGroup pid=27296)[0m     self._build_tf_config()
[36m(MegatronWorkerGroup pid=27296)[0m   File "/vePFS-Mindverse/share/code/verl/verl/workers/engine/megatron/transformer_impl.py", line 170, in _build_tf_config
[36m(MegatronWorkerGroup pid=27296)[0m     provider.finalize()
[36m(MegatronWorkerGroup pid=27296)[0m   File "/workspace/Megatron-Bridge/src/megatron/bridge/models/transformer_config.py", line 69, in finalize
[36m(MegatronWorkerGroup pid=27296)[0m     MCoreTransformerConfig.__post_init__(self)
[36m(MegatronWorkerGroup pid=27296)[0m   File "/workspace/Megatron-LM/megatron/core/transformer/transformer_config.py", line 755, in __post_init__
[36m(MegatronWorkerGroup pid=27296)[0m     raise ValueError(
[36m(MegatronWorkerGroup pid=27296)[0m ValueError: num_attention_heads (28) must be a multiple of tensor_model_parallel_size (8).
[36m(MegatronWorkerGroup pid=27296)[0m Unhandled error (suppress with 'RAY_IGNORE_UNHANDLED_ERRORS=1'): [36mray::MegatronRankWorker.initialize()[39m (pid=175931, ip=192.168.32.77, actor_id=505bb669454758dc1dc06e8155000000, repr=<tinker_server.backend.megatron_distributed.MegatronRankWorker object at 0x7f3f96dd0130>)
[36m(MegatronWorkerGroup pid=27296)[0m   File "/vePFS-Mindverse/share/code/tinker-server/tinker_server/backend/megatron_distributed.py", line 187, in initialize
[36m(MegatronWorkerGroup pid=27296)[0m     self._initialize_megatron()
[36m(MegatronWorkerGroup pid=27296)[0m   File "/vePFS-Mindverse/share/code/tinker-server/tinker_server/backend/megatron_distributed.py", line 378, in _initialize_megatron
[36m(MegatronWorkerGroup pid=27296)[0m     self.engine.initialize()
[36m(MegatronWorkerGroup pid=27296)[0m   File "/vePFS-Mindverse/share/code/verl/verl/workers/engine/megatron/transformer_impl.py", line 308, in initialize
[36m(MegatronWorkerGroup pid=27296)[0m     self._build_tf_config()
[36m(MegatronWorkerGroup pid=27296)[0m   File "/vePFS-Mindverse/share/code/verl/verl/workers/engine/megatron/transformer_impl.py", line 170, in _build_tf_config
[36m(MegatronWorkerGroup pid=27296)[0m     provider.finalize()
[36m(MegatronWorkerGroup pid=27296)[0m   File "/workspace/Megatron-Bridge/src/megatron/bridge/models/transformer_config.py", line 69, in finalize
[36m(MegatronWorkerGroup pid=27296)[0m     MCoreTransformerConfig.__post_init__(self)
[36m(MegatronWorkerGroup pid=27296)[0m   File "/workspace/Megatron-LM/megatron/core/transformer/transformer_config.py", line 755, in __post_init__
[36m(MegatronWorkerGroup pid=27296)[0m     raise ValueError(
[36m(MegatronWorkerGroup pid=27296)[0m ValueError: num_attention_heads (28) must be a multiple of tensor_model_parallel_size (8).
[36m(MegatronWorkerGroup pid=27296)[0m Unhandled error (suppress with 'RAY_IGNORE_UNHANDLED_ERRORS=1'): [36mray::MegatronRankWorker.initialize()[39m (pid=182090, ip=192.168.32.82, actor_id=f4f89a6e3fd7e7389cd2759455000000, repr=<tinker_server.backend.megatron_distributed.MegatronRankWorker object at 0x7f98a9514130>)
[36m(MegatronWorkerGroup pid=27296)[0m   File "/vePFS-Mindverse/share/code/tinker-server/tinker_server/backend/megatron_distributed.py", line 187, in initialize
[36m(MegatronWorkerGroup pid=27296)[0m     self._initialize_megatron()
[36m(MegatronWorkerGroup pid=27296)[0m   File "/vePFS-Mindverse/share/code/tinker-server/tinker_server/backend/megatron_distributed.py", line 378, in _initialize_megatron
[36m(MegatronWorkerGroup pid=27296)[0m     self.engine.initialize()
[36m(MegatronWorkerGroup pid=27296)[0m   File "/vePFS-Mindverse/share/code/verl/verl/workers/engine/megatron/transformer_impl.py", line 308, in initialize
[36m(MegatronWorkerGroup pid=27296)[0m     self._build_tf_config()
[36m(MegatronWorkerGroup pid=27296)[0m   File "/vePFS-Mindverse/share/code/verl/verl/workers/engine/megatron/transformer_impl.py", line 170, in _build_tf_config
[36m(MegatronWorkerGroup pid=27296)[0m     provider.finalize()
[36m(MegatronWorkerGroup pid=27296)[0m   File "/workspace/Megatron-Bridge/src/megatron/bridge/models/transformer_config.py", line 69, in finalize
[36m(MegatronWorkerGroup pid=27296)[0m     MCoreTransformerConfig.__post_init__(self)
[36m(MegatronWorkerGroup pid=27296)[0m   File "/workspace/Megatron-LM/megatron/core/transformer/transformer_config.py", line 755, in __post_init__
[36m(MegatronWorkerGroup pid=27296)[0m     raise ValueError(
[36m(MegatronWorkerGroup pid=27296)[0m ValueError: num_attention_heads (28) must be a multiple of tensor_model_parallel_size (8).
[36m(MegatronWorkerGroup pid=27296)[0m Unhandled error (suppress with 'RAY_IGNORE_UNHANDLED_ERRORS=1'): [36mray::MegatronRankWorker.initialize()[39m (pid=190458, ip=192.168.32.76, actor_id=9024e9ea68bd01790d28aae555000000, repr=<tinker_server.backend.megatron_distributed.MegatronRankWorker object at 0x7fdc013340a0>)
[36m(MegatronWorkerGroup pid=27296)[0m   File "/vePFS-Mindverse/share/code/tinker-server/tinker_server/backend/megatron_distributed.py", line 187, in initialize
[36m(MegatronWorkerGroup pid=27296)[0m     self._initialize_megatron()
[36m(MegatronWorkerGroup pid=27296)[0m   File "/vePFS-Mindverse/share/code/tinker-server/tinker_server/backend/megatron_distributed.py", line 378, in _initialize_megatron
[36m(MegatronWorkerGroup pid=27296)[0m     self.engine.initialize()
[36m(MegatronWorkerGroup pid=27296)[0m   File "/vePFS-Mindverse/share/code/verl/verl/workers/engine/megatron/transformer_impl.py", line 308, in initialize
[36m(MegatronWorkerGroup pid=27296)[0m     self._build_tf_config()
[36m(MegatronWorkerGroup pid=27296)[0m   File "/vePFS-Mindverse/share/code/verl/verl/workers/engine/megatron/transformer_impl.py", line 170, in _build_tf_config
[36m(MegatronWorkerGroup pid=27296)[0m     provider.finalize()
[36m(MegatronWorkerGroup pid=27296)[0m   File "/workspace/Megatron-Bridge/src/megatron/bridge/models/transformer_config.py", line 69, in finalize
[36m(MegatronWorkerGroup pid=27296)[0m     MCoreTransformerConfig.__post_init__(self)
[36m(MegatronWorkerGroup pid=27296)[0m   File "/workspace/Megatron-LM/megatron/core/transformer/transformer_config.py", line 755, in __post_init__
[36m(MegatronWorkerGroup pid=27296)[0m     raise ValueError(
[36m(MegatronWorkerGroup pid=27296)[0m ValueError: num_attention_heads (28) must be a multiple of tensor_model_parallel_size (8).
[36m(MegatronWorkerGroup pid=27296)[0m Unhandled error (suppress with 'RAY_IGNORE_UNHANDLED_ERRORS=1'): [36mray::MegatronRankWorker.initialize()[39m (pid=177459, ip=192.168.32.83, actor_id=df95673d1daf6b1726d53ab555000000, repr=<tinker_server.backend.megatron_distributed.MegatronRankWorker object at 0x7fe4182e8130>)
[36m(MegatronWorkerGroup pid=27296)[0m   File "/vePFS-Mindverse/share/code/tinker-server/tinker_server/backend/megatron_distributed.py", line 187, in initialize
[36m(MegatronWorkerGroup pid=27296)[0m     self._initialize_megatron()
[36m(MegatronWorkerGroup pid=27296)[0m   File "/vePFS-Mindverse/share/code/tinker-server/tinker_server/backend/megatron_distributed.py", line 378, in _initialize_megatron
[36m(MegatronWorkerGroup pid=27296)[0m     self.engine.initialize()
[36m(MegatronWorkerGroup pid=27296)[0m   File "/vePFS-Mindverse/share/code/verl/verl/workers/engine/megatron/transformer_impl.py", line 308, in initialize
[36m(MegatronWorkerGroup pid=27296)[0m     self._build_tf_config()
[36m(MegatronWorkerGroup pid=27296)[0m   File "/vePFS-Mindverse/share/code/verl/verl/workers/engine/megatron/transformer_impl.py", line 170, in _build_tf_config
[36m(MegatronWorkerGroup pid=27296)[0m     provider.finalize()
[36m(MegatronWorkerGroup pid=27296)[0m   File "/workspace/Megatron-Bridge/src/megatron/bridge/models/transformer_config.py", line 69, in finalize
[36m(MegatronWorkerGroup pid=27296)[0m     MCoreTransformerConfig.__post_init__(self)
[36m(MegatronWorkerGroup pid=27296)[0m   File "/workspace/Megatron-LM/megatron/core/transformer/transformer_config.py", line 755, in __post_init__
[36m(MegatronWorkerGroup pid=27296)[0m     raise ValueError(
[36m(MegatronWorkerGroup pid=27296)[0m ValueError: num_attention_heads (28) must be a multiple of tensor_model_parallel_size (8).
[36m(MegatronWorkerGroup pid=27296)[0m Unhandled error (suppress with 'RAY_IGNORE_UNHANDLED_ERRORS=1'): [36mray::MegatronRankWorker.initialize()[39m (pid=178719, ip=192.168.32.79, actor_id=27bfbf71ccf432df8a8a41ee55000000, repr=<tinker_server.backend.megatron_distributed.MegatronRankWorker object at 0x7faace4b8130>)
[36m(MegatronWorkerGroup pid=27296)[0m   File "/vePFS-Mindverse/share/code/tinker-server/tinker_server/backend/megatron_distributed.py", line 187, in initialize
[36m(MegatronWorkerGroup pid=27296)[0m     self._initialize_megatron()
[36m(MegatronWorkerGroup pid=27296)[0m   File "/vePFS-Mindverse/share/code/tinker-server/tinker_server/backend/megatron_distributed.py", line 378, in _initialize_megatron
[36m(MegatronWorkerGroup pid=27296)[0m     self.engine.initialize()
[36m(MegatronWorkerGroup pid=27296)[0m   File "/vePFS-Mindverse/share/code/verl/verl/workers/engine/megatron/transformer_impl.py", line 308, in initialize
[36m(MegatronWorkerGroup pid=27296)[0m     self._build_tf_config()
[36m(MegatronWorkerGroup pid=27296)[0m   File "/vePFS-Mindverse/share/code/verl/verl/workers/engine/megatron/transformer_impl.py", line 170, in _build_tf_config
[36m(MegatronWorkerGroup pid=27296)[0m     provider.finalize()
[36m(MegatronWorkerGroup pid=27296)[0m   File "/workspace/Megatron-Bridge/src/megatron/bridge/models/transformer_config.py", line 69, in finalize
[36m(MegatronWorkerGroup pid=27296)[0m     MCoreTransformerConfig.__post_init__(self)
[36m(MegatronWorkerGroup pid=27296)[0m   File "/workspace/Megatron-LM/megatron/core/transformer/transformer_config.py", line 755, in __post_init__
[36m(MegatronWorkerGroup pid=27296)[0m     raise ValueError(
[36m(MegatronWorkerGroup pid=27296)[0m ValueError: num_attention_heads (28) must be a multiple of tensor_model_parallel_size (8).
[36m(MegatronWorkerGroup pid=27296)[0m Unhandled error (suppress with 'RAY_IGNORE_UNHANDLED_ERRORS=1'): [36mray::MegatronRankWorker.initialize()[39m (pid=184801, ip=192.168.32.80, actor_id=346b45800c40dfab4a80503255000000, repr=<tinker_server.backend.megatron_distributed.MegatronRankWorker object at 0x7f929f0cc100>)
[36m(MegatronWorkerGroup pid=27296)[0m   File "/vePFS-Mindverse/share/code/tinker-server/tinker_server/backend/megatron_distributed.py", line 187, in initialize
[36m(MegatronWorkerGroup pid=27296)[0m     self._initialize_megatron()
[36m(MegatronWorkerGroup pid=27296)[0m   File "/vePFS-Mindverse/share/code/tinker-server/tinker_server/backend/megatron_distributed.py", line 378, in _initialize_megatron
[36m(MegatronWorkerGroup pid=27296)[0m     self.engine.initialize()
[36m(MegatronWorkerGroup pid=27296)[0m   File "/vePFS-Mindverse/share/code/verl/verl/workers/engine/megatron/transformer_impl.py", line 308, in initialize
[36m(MegatronWorkerGroup pid=27296)[0m     self._build_tf_config()
[36m(MegatronWorkerGroup pid=27296)[0m   File "/vePFS-Mindverse/share/code/verl/verl/workers/engine/megatron/transformer_impl.py", line 170, in _build_tf_config
[36m(MegatronWorkerGroup pid=27296)[0m     provider.finalize()
[36m(MegatronWorkerGroup pid=27296)[0m   File "/workspace/Megatron-Bridge/src/megatron/bridge/models/transformer_config.py", line 69, in finalize
[36m(MegatronWorkerGroup pid=27296)[0m     MCoreTransformerConfig.__post_init__(self)
[36m(MegatronWorkerGroup pid=27296)[0m   File "/workspace/Megatron-LM/megatron/core/transformer/transformer_config.py", line 755, in __post_init__
[36m(MegatronWorkerGroup pid=27296)[0m     raise ValueError(
[36m(MegatronWorkerGroup pid=27296)[0m ValueError: num_attention_heads (28) must be a multiple of tensor_model_parallel_size (8).
[36m(MegatronWorkerGroup pid=27296)[0m Unhandled error (suppress with 'RAY_IGNORE_UNHANDLED_ERRORS=1'): [36mray::MegatronRankWorker.initialize()[39m (pid=210486, ip=192.168.32.75, actor_id=d946086ffa92bed6501fc3e555000000, repr=<tinker_server.backend.megatron_distributed.MegatronRankWorker object at 0x7fede5708100>)
[36m(MegatronWorkerGroup pid=27296)[0m   File "/vePFS-Mindverse/share/code/tinker-server/tinker_server/backend/megatron_distributed.py", line 187, in initialize
[36m(MegatronWorkerGroup pid=27296)[0m     self._initialize_megatron()
[36m(MegatronWorkerGroup pid=27296)[0m   File "/vePFS-Mindverse/share/code/tinker-server/tinker_server/backend/megatron_distributed.py", line 378, in _initialize_megatron
[36m(MegatronWorkerGroup pid=27296)[0m     self.engine.initialize()
[36m(MegatronWorkerGroup pid=27296)[0m   File "/vePFS-Mindverse/share/code/verl/verl/workers/engine/megatron/transformer_impl.py", line 308, in initialize
[36m(MegatronWorkerGroup pid=27296)[0m     self._build_tf_config()
[36m(MegatronWorkerGroup pid=27296)[0m   File "/vePFS-Mindverse/share/code/verl/verl/workers/engine/megatron/transformer_impl.py", line 170, in _build_tf_config
[36m(MegatronWorkerGroup pid=27296)[0m     provider.finalize()
[36m(MegatronWorkerGroup pid=27296)[0m   File "/workspace/Megatron-Bridge/src/megatron/bridge/models/transformer_config.py", line 69, in finalize
[36m(MegatronWorkerGroup pid=27296)[0m     MCoreTransformerConfig.__post_init__(self)
[36m(MegatronWorkerGroup pid=27296)[0m   File "/workspace/Megatron-LM/megatron/core/transformer/transformer_config.py", line 755, in __post_init__
[36m(MegatronWorkerGroup pid=27296)[0m     raise ValueError(
[36m(MegatronWorkerGroup pid=27296)[0m ValueError: num_attention_heads (28) must be a multiple of tensor_model_parallel_size (8).
[36m(MegatronWorkerGroup pid=27296)[0m Unhandled error (suppress with 'RAY_IGNORE_UNHANDLED_ERRORS=1'): [36mray::MegatronRankWorker.initialize()[39m (pid=177463, ip=192.168.32.83, actor_id=0158b21171c822cfd35ee1f055000000, repr=<tinker_server.backend.megatron_distributed.MegatronRankWorker object at 0x7f9ed60f8190>)
[36m(MegatronWorkerGroup pid=27296)[0m   File "/vePFS-Mindverse/share/code/tinker-server/tinker_server/backend/megatron_distributed.py", line 187, in initialize
[36m(MegatronWorkerGroup pid=27296)[0m     self._initialize_megatron()
[36m(MegatronWorkerGroup pid=27296)[0m   File "/vePFS-Mindverse/share/code/tinker-server/tinker_server/backend/megatron_distributed.py", line 378, in _initialize_megatron
[36m(MegatronWorkerGroup pid=27296)[0m     self.engine.initialize()
[36m(MegatronWorkerGroup pid=27296)[0m   File "/vePFS-Mindverse/share/code/verl/verl/workers/engine/megatron/transformer_impl.py", line 308, in initialize
[36m(MegatronWorkerGroup pid=27296)[0m     self._build_tf_config()
[36m(MegatronWorkerGroup pid=27296)[0m   File "/vePFS-Mindverse/share/code/verl/verl/workers/engine/megatron/transformer_impl.py", line 170, in _build_tf_config
[36m(MegatronWorkerGroup pid=27296)[0m     provider.finalize()
[36m(MegatronWorkerGroup pid=27296)[0m   File "/workspace/Megatron-Bridge/src/megatron/bridge/models/transformer_config.py", line 69, in finalize
[36m(MegatronWorkerGroup pid=27296)[0m     MCoreTransformerConfig.__post_init__(self)
[36m(MegatronWorkerGroup pid=27296)[0m   File "/workspace/Megatron-LM/megatron/core/transformer/transformer_config.py", line 755, in __post_init__
[36m(MegatronWorkerGroup pid=27296)[0m     raise ValueError(
[36m(MegatronWorkerGroup pid=27296)[0m ValueError: num_attention_heads (28) must be a multiple of tensor_model_parallel_size (8).
[36m(MegatronWorkerGroup pid=27296)[0m Unhandled error (suppress with 'RAY_IGNORE_UNHANDLED_ERRORS=1'): [36mray::MegatronRankWorker.initialize()[39m (pid=182092, ip=192.168.32.82, actor_id=bac2106126faf091395f4a6d55000000, repr=<tinker_server.backend.megatron_distributed.MegatronRankWorker object at 0x7f7d862b8160>)
[36m(MegatronWorkerGroup pid=27296)[0m   File "/vePFS-Mindverse/share/code/tinker-server/tinker_server/backend/megatron_distributed.py", line 187, in initialize
[36m(MegatronWorkerGroup pid=27296)[0m     self._initialize_megatron()
[36m(MegatronWorkerGroup pid=27296)[0m   File "/vePFS-Mindverse/share/code/tinker-server/tinker_server/backend/megatron_distributed.py", line 378, in _initialize_megatron
[36m(MegatronWorkerGroup pid=27296)[0m     self.engine.initialize()
[36m(MegatronWorkerGroup pid=27296)[0m   File "/vePFS-Mindverse/share/code/verl/verl/workers/engine/megatron/transformer_impl.py", line 308, in initialize
[36m(MegatronWorkerGroup pid=27296)[0m     self._build_tf_config()
[36m(MegatronWorkerGroup pid=27296)[0m   File "/vePFS-Mindverse/share/code/verl/verl/workers/engine/megatron/transformer_impl.py", line 170, in _build_tf_config
[36m(MegatronWorkerGroup pid=27296)[0m     provider.finalize()
[36m(MegatronWorkerGroup pid=27296)[0m   File "/workspace/Megatron-Bridge/src/megatron/bridge/models/transformer_config.py", line 69, in finalize
[36m(MegatronWorkerGroup pid=27296)[0m     MCoreTransformerConfig.__post_init__(self)
[36m(MegatronWorkerGroup pid=27296)[0m   File "/workspace/Megatron-LM/megatron/core/transformer/transformer_config.py", line 755, in __post_init__
[36m(MegatronWorkerGroup pid=27296)[0m     raise ValueError(
[36m(MegatronWorkerGroup pid=27296)[0m ValueError: num_attention_heads (28) must be a multiple of tensor_model_parallel_size (8).
[36m(MegatronWorkerGroup pid=27296)[0m Unhandled error (suppress with 'RAY_IGNORE_UNHANDLED_ERRORS=1'): [36mray::MegatronRankWorker.initialize()[39m (pid=186643, ip=192.168.32.81, actor_id=0f6b9815f28b02ee77d8566055000000, repr=<tinker_server.backend.megatron_distributed.MegatronRankWorker object at 0x7f7e2e2fc100>)
[36m(MegatronWorkerGroup pid=27296)[0m   File "/vePFS-Mindverse/share/code/tinker-server/tinker_server/backend/megatron_distributed.py", line 187, in initialize
[36m(MegatronWorkerGroup pid=27296)[0m     self._initialize_megatron()
[36m(MegatronWorkerGroup pid=27296)[0m   File "/vePFS-Mindverse/share/code/tinker-server/tinker_server/backend/megatron_distributed.py", line 378, in _initialize_megatron
[36m(MegatronWorkerGroup pid=27296)[0m     self.engine.initialize()
[36m(MegatronWorkerGroup pid=27296)[0m   File "/vePFS-Mindverse/share/code/verl/verl/workers/engine/megatron/transformer_impl.py", line 308, in initialize
[36m(MegatronWorkerGroup pid=27296)[0m     self._build_tf_config()
[36m(MegatronWorkerGroup pid=27296)[0m   File "/vePFS-Mindverse/share/code/verl/verl/workers/engine/megatron/transformer_impl.py", line 170, in _build_tf_config
[36m(MegatronWorkerGroup pid=27296)[0m     provider.finalize()
[36m(MegatronWorkerGroup pid=27296)[0m   File "/workspace/Megatron-Bridge/src/megatron/bridge/models/transformer_config.py", line 69, in finalize
[36m(MegatronWorkerGroup pid=27296)[0m     MCoreTransformerConfig.__post_init__(self)
[36m(MegatronWorkerGroup pid=27296)[0m   File "/workspace/Megatron-LM/megatron/core/transformer/transformer_config.py", line 755, in __post_init__
[36m(MegatronWorkerGroup pid=27296)[0m     raise ValueError(
[36m(MegatronWorkerGroup pid=27296)[0m ValueError: num_attention_heads (28) must be a multiple of tensor_model_parallel_size (8).
[36m(MegatronWorkerGroup pid=27296)[0m Unhandled error (suppress with 'RAY_IGNORE_UNHANDLED_ERRORS=1'): [36mray::MegatronRankWorker.initialize()[39m (pid=190459, ip=192.168.32.76, actor_id=9517ec6156e3a35f13fd57ca55000000, repr=<tinker_server.backend.megatron_distributed.MegatronRankWorker object at 0x7f5863168160>)
[36m(MegatronWorkerGroup pid=27296)[0m   File "/vePFS-Mindverse/share/code/tinker-server/tinker_server/backend/megatron_distributed.py", line 187, in initialize
[36m(MegatronWorkerGroup pid=27296)[0m     self._initialize_megatron()
[36m(MegatronWorkerGroup pid=27296)[0m   File "/vePFS-Mindverse/share/code/tinker-server/tinker_server/backend/megatron_distributed.py", line 378, in _initialize_megatron
[36m(MegatronWorkerGroup pid=27296)[0m     self.engine.initialize()
[36m(MegatronWorkerGroup pid=27296)[0m   File "/vePFS-Mindverse/share/code/verl/verl/workers/engine/megatron/transformer_impl.py", line 308, in initialize
[36m(MegatronWorkerGroup pid=27296)[0m     self._build_tf_config()
[36m(MegatronWorkerGroup pid=27296)[0m   File "/vePFS-Mindverse/share/code/verl/verl/workers/engine/megatron/transformer_impl.py", line 170, in _build_tf_config
[36m(MegatronWorkerGroup pid=27296)[0m     provider.finalize()
[36m(MegatronWorkerGroup pid=27296)[0m   File "/workspace/Megatron-Bridge/src/megatron/bridge/models/transformer_config.py", line 69, in finalize
[36m(MegatronWorkerGroup pid=27296)[0m     MCoreTransformerConfig.__post_init__(self)
[36m(MegatronWorkerGroup pid=27296)[0m   File "/workspace/Megatron-LM/megatron/core/transformer/transformer_config.py", line 755, in __post_init__
[36m(MegatronWorkerGroup pid=27296)[0m     raise ValueError(
[36m(MegatronWorkerGroup pid=27296)[0m ValueError: num_attention_heads (28) must be a multiple of tensor_model_parallel_size (8).
[36m(MegatronWorkerGroup pid=27296)[0m Unhandled error (suppress with 'RAY_IGNORE_UNHANDLED_ERRORS=1'): [36mray::MegatronRankWorker.initialize()[39m (pid=175927, ip=192.168.32.77, actor_id=ad6f6846ede3932492cf6e9c55000000, repr=<tinker_server.backend.megatron_distributed.MegatronRankWorker object at 0x7f6678a68100>)
[36m(MegatronWorkerGroup pid=27296)[0m   File "/vePFS-Mindverse/share/code/tinker-server/tinker_server/backend/megatron_distributed.py", line 187, in initialize
[36m(MegatronWorkerGroup pid=27296)[0m     self._initialize_megatron()
[36m(MegatronWorkerGroup pid=27296)[0m   File "/vePFS-Mindverse/share/code/tinker-server/tinker_server/backend/megatron_distributed.py", line 378, in _initialize_megatron
[36m(MegatronWorkerGroup pid=27296)[0m     self.engine.initialize()
[36m(MegatronWorkerGroup pid=27296)[0m   File "/vePFS-Mindverse/share/code/verl/verl/workers/engine/megatron/transformer_impl.py", line 308, in initialize
[36m(MegatronWorkerGroup pid=27296)[0m     self._build_tf_config()
[36m(MegatronWorkerGroup pid=27296)[0m   File "/vePFS-Mindverse/share/code/verl/verl/workers/engine/megatron/transformer_impl.py", line 170, in _build_tf_config
[36m(MegatronWorkerGroup pid=27296)[0m     provider.finalize()
[36m(MegatronWorkerGroup pid=27296)[0m   File "/workspace/Megatron-Bridge/src/megatron/bridge/models/transformer_config.py", line 69, in finalize
[36m(MegatronWorkerGroup pid=27296)[0m     MCoreTransformerConfig.__post_init__(self)
[36m(MegatronWorkerGroup pid=27296)[0m   File "/workspace/Megatron-LM/megatron/core/transformer/transformer_config.py", line 755, in __post_init__
[36m(MegatronWorkerGroup pid=27296)[0m     raise ValueError(
[36m(MegatronWorkerGroup pid=27296)[0m ValueError: num_attention_heads (28) must be a multiple of tensor_model_parallel_size (8).
[36m(MegatronWorkerGroup pid=27296)[0m Unhandled error (suppress with 'RAY_IGNORE_UNHANDLED_ERRORS=1'): [36mray::MegatronRankWorker.initialize()[39m (pid=178724, ip=192.168.32.79, actor_id=734cc0d4dc3918736d08443755000000, repr=<tinker_server.backend.megatron_distributed.MegatronRankWorker object at 0x7f0634ad4130>)
[36m(MegatronWorkerGroup pid=27296)[0m   File "/vePFS-Mindverse/share/code/tinker-server/tinker_server/backend/megatron_distributed.py", line 187, in initialize
[36m(MegatronWorkerGroup pid=27296)[0m     self._initialize_megatron()
[36m(MegatronWorkerGroup pid=27296)[0m   File "/vePFS-Mindverse/share/code/tinker-server/tinker_server/backend/megatron_distributed.py", line 378, in _initialize_megatron
[36m(MegatronWorkerGroup pid=27296)[0m     self.engine.initialize()
[36m(MegatronWorkerGroup pid=27296)[0m   File "/vePFS-Mindverse/share/code/verl/verl/workers/engine/megatron/transformer_impl.py", line 308, in initialize
[36m(MegatronWorkerGroup pid=27296)[0m     self._build_tf_config()
[36m(MegatronWorkerGroup pid=27296)[0m   File "/vePFS-Mindverse/share/code/verl/verl/workers/engine/megatron/transformer_impl.py", line 170, in _build_tf_config
[36m(MegatronWorkerGroup pid=27296)[0m     provider.finalize()
[36m(MegatronWorkerGroup pid=27296)[0m   File "/workspace/Megatron-Bridge/src/megatron/bridge/models/transformer_config.py", line 69, in finalize
[36m(MegatronWorkerGroup pid=27296)[0m     MCoreTransformerConfig.__post_init__(self)
[36m(MegatronWorkerGroup pid=27296)[0m   File "/workspace/Megatron-LM/megatron/core/transformer/transformer_config.py", line 755, in __post_init__
[36m(MegatronWorkerGroup pid=27296)[0m     raise ValueError(
[36m(MegatronWorkerGroup pid=27296)[0m ValueError: num_attention_heads (28) must be a multiple of tensor_model_parallel_size (8).
[36m(MegatronWorkerGroup pid=27296)[0m Unhandled error (suppress with 'RAY_IGNORE_UNHANDLED_ERRORS=1'): [36mray::MegatronRankWorker.initialize()[39m (pid=210485, ip=192.168.32.75, actor_id=6cd61712d032ed276ca3c31655000000, repr=<tinker_server.backend.megatron_distributed.MegatronRankWorker object at 0x7f39e8d00130>)
[36m(MegatronWorkerGroup pid=27296)[0m   File "/vePFS-Mindverse/share/code/tinker-server/tinker_server/backend/megatron_distributed.py", line 187, in initialize
[36m(MegatronWorkerGroup pid=27296)[0m     self._initialize_megatron()
[36m(MegatronWorkerGroup pid=27296)[0m   File "/vePFS-Mindverse/share/code/tinker-server/tinker_server/backend/megatron_distributed.py", line 378, in _initialize_megatron
[36m(MegatronWorkerGroup pid=27296)[0m     self.engine.initialize()
[36m(MegatronWorkerGroup pid=27296)[0m   File "/vePFS-Mindverse/share/code/verl/verl/workers/engine/megatron/transformer_impl.py", line 308, in initialize
[36m(MegatronWorkerGroup pid=27296)[0m     self._build_tf_config()
[36m(MegatronWorkerGroup pid=27296)[0m   File "/vePFS-Mindverse/share/code/verl/verl/workers/engine/megatron/transformer_impl.py", line 170, in _build_tf_config
[36m(MegatronWorkerGroup pid=27296)[0m     provider.finalize()
[36m(MegatronWorkerGroup pid=27296)[0m   File "/workspace/Megatron-Bridge/src/megatron/bridge/models/transformer_config.py", line 69, in finalize
[36m(MegatronWorkerGroup pid=27296)[0m     MCoreTransformerConfig.__post_init__(self)
[36m(MegatronWorkerGroup pid=27296)[0m   File "/workspace/Megatron-LM/megatron/core/transformer/transformer_config.py", line 755, in __post_init__
[36m(MegatronWorkerGroup pid=27296)[0m     raise ValueError(
[36m(MegatronWorkerGroup pid=27296)[0m ValueError: num_attention_heads (28) must be a multiple of tensor_model_parallel_size (8).
[36m(MegatronWorkerGroup pid=27296)[0m Unhandled error (suppress with 'RAY_IGNORE_UNHANDLED_ERRORS=1'): [36mray::MegatronRankWorker.initialize()[39m (pid=186646, ip=192.168.32.81, actor_id=995da42fb61cd7f7654dd6af55000000, repr=<tinker_server.backend.megatron_distributed.MegatronRankWorker object at 0x7f95aef44160>)
[36m(MegatronWorkerGroup pid=27296)[0m   File "/vePFS-Mindverse/share/code/tinker-server/tinker_server/backend/megatron_distributed.py", line 187, in initialize
[36m(MegatronWorkerGroup pid=27296)[0m     self._initialize_megatron()
[36m(MegatronWorkerGroup pid=27296)[0m   File "/vePFS-Mindverse/share/code/tinker-server/tinker_server/backend/megatron_distributed.py", line 378, in _initialize_megatron
[36m(MegatronWorkerGroup pid=27296)[0m     self.engine.initialize()
[36m(MegatronWorkerGroup pid=27296)[0m   File "/vePFS-Mindverse/share/code/verl/verl/workers/engine/megatron/transformer_impl.py", line 308, in initialize
[36m(MegatronWorkerGroup pid=27296)[0m     self._build_tf_config()
[36m(MegatronWorkerGroup pid=27296)[0m   File "/vePFS-Mindverse/share/code/verl/verl/workers/engine/megatron/transformer_impl.py", line 170, in _build_tf_config
[36m(MegatronWorkerGroup pid=27296)[0m     provider.finalize()
[36m(MegatronWorkerGroup pid=27296)[0m   File "/workspace/Megatron-Bridge/src/megatron/bridge/models/transformer_config.py", line 69, in finalize
[36m(MegatronWorkerGroup pid=27296)[0m     MCoreTransformerConfig.__post_init__(self)
[36m(MegatronWorkerGroup pid=27296)[0m   File "/workspace/Megatron-LM/megatron/core/transformer/transformer_config.py", line 755, in __post_init__
[36m(MegatronWorkerGroup pid=27296)[0m     raise ValueError(
[36m(MegatronWorkerGroup pid=27296)[0m ValueError: num_attention_heads (28) must be a multiple of tensor_model_parallel_size (8).
[36m(MegatronWorkerGroup pid=27296)[0m Unhandled error (suppress with 'RAY_IGNORE_UNHANDLED_ERRORS=1'): [36mray::MegatronRankWorker.initialize()[39m (pid=182089, ip=192.168.32.82, actor_id=1f22cb23fccfd0bbb3135f6655000000, repr=<tinker_server.backend.megatron_distributed.MegatronRankWorker object at 0x7fe79cfc8100>)
[36m(MegatronWorkerGroup pid=27296)[0m   File "/vePFS-Mindverse/share/code/tinker-server/tinker_server/backend/megatron_distributed.py", line 187, in initialize
[36m(MegatronWorkerGroup pid=27296)[0m     self._initialize_megatron()
[36m(MegatronWorkerGroup pid=27296)[0m   File "/vePFS-Mindverse/share/code/tinker-server/tinker_server/backend/megatron_distributed.py", line 378, in _initialize_megatron
[36m(MegatronWorkerGroup pid=27296)[0m     self.engine.initialize()
[36m(MegatronWorkerGroup pid=27296)[0m   File "/vePFS-Mindverse/share/code/verl/verl/workers/engine/megatron/transformer_impl.py", line 308, in initialize
[36m(MegatronWorkerGroup pid=27296)[0m     self._build_tf_config()
[36m(MegatronWorkerGroup pid=27296)[0m   File "/vePFS-Mindverse/share/code/verl/verl/workers/engine/megatron/transformer_impl.py", line 170, in _build_tf_config
[36m(MegatronWorkerGroup pid=27296)[0m     provider.finalize()
[36m(MegatronWorkerGroup pid=27296)[0m   File "/workspace/Megatron-Bridge/src/megatron/bridge/models/transformer_config.py", line 69, in finalize
[36m(MegatronWorkerGroup pid=27296)[0m     MCoreTransformerConfig.__post_init__(self)
[36m(MegatronWorkerGroup pid=27296)[0m   File "/workspace/Megatron-LM/megatron/core/transformer/transformer_config.py", line 755, in __post_init__
[36m(MegatronWorkerGroup pid=27296)[0m     raise ValueError(
[36m(MegatronWorkerGroup pid=27296)[0m ValueError: num_attention_heads (28) must be a multiple of tensor_model_parallel_size (8).
[36m(MegatronWorkerGroup pid=27296)[0m Unhandled error (suppress with 'RAY_IGNORE_UNHANDLED_ERRORS=1'): [36mray::MegatronRankWorker.initialize()[39m (pid=175738, ip=192.168.32.77, actor_id=e62ef9b4a434c96e141a17b855000000, repr=<tinker_server.backend.megatron_distributed.MegatronRankWorker object at 0x7f00464bc130>)
[36m(MegatronWorkerGroup pid=27296)[0m   File "/vePFS-Mindverse/share/code/tinker-server/tinker_server/backend/megatron_distributed.py", line 187, in initialize
[36m(MegatronWorkerGroup pid=27296)[0m     self._initialize_megatron()
[36m(MegatronWorkerGroup pid=27296)[0m   File "/vePFS-Mindverse/share/code/tinker-server/tinker_server/backend/megatron_distributed.py", line 378, in _initialize_megatron
[36m(MegatronWorkerGroup pid=27296)[0m     self.engine.initialize()
[36m(MegatronWorkerGroup pid=27296)[0m   File "/vePFS-Mindverse/share/code/verl/verl/workers/engine/megatron/transformer_impl.py", line 308, in initialize
[36m(MegatronWorkerGroup pid=27296)[0m     self._build_tf_config()
[36m(MegatronWorkerGroup pid=27296)[0m   File "/vePFS-Mindverse/share/code/verl/verl/workers/engine/megatron/transformer_impl.py", line 170, in _build_tf_config
[36m(MegatronWorkerGroup pid=27296)[0m     provider.finalize()
[36m(MegatronWorkerGroup pid=27296)[0m   File "/workspace/Megatron-Bridge/src/megatron/bridge/models/transformer_config.py", line 69, in finalize
[36m(MegatronWorkerGroup pid=27296)[0m     MCoreTransformerConfig.__post_init__(self)
[36m(MegatronWorkerGroup pid=27296)[0m   File "/workspace/Megatron-LM/megatron/core/transformer/transformer_config.py", line 755, in __post_init__
[36m(MegatronWorkerGroup pid=27296)[0m     raise ValueError(
[36m(MegatronWorkerGroup pid=27296)[0m ValueError: num_attention_heads (28) must be a multiple of tensor_model_parallel_size (8).
[36m(MegatronWorkerGroup pid=27296)[0m Unhandled error (suppress with 'RAY_IGNORE_UNHANDLED_ERRORS=1'): [36mray::MegatronRankWorker.initialize()[39m (pid=175930, ip=192.168.32.77, actor_id=8cdb911a73eb2d15eebb5c3b55000000, repr=<tinker_server.backend.megatron_distributed.MegatronRankWorker object at 0x7f902ff7c100>)
[36m(MegatronWorkerGroup pid=27296)[0m   File "/vePFS-Mindverse/share/code/tinker-server/tinker_server/backend/megatron_distributed.py", line 187, in initialize
[36m(MegatronWorkerGroup pid=27296)[0m     self._initialize_megatron()
[36m(MegatronWorkerGroup pid=27296)[0m   File "/vePFS-Mindverse/share/code/tinker-server/tinker_server/backend/megatron_distributed.py", line 378, in _initialize_megatron
[36m(MegatronWorkerGroup pid=27296)[0m     self.engine.initialize()
[36m(MegatronWorkerGroup pid=27296)[0m   File "/vePFS-Mindverse/share/code/verl/verl/workers/engine/megatron/transformer_impl.py", line 308, in initialize
[36m(MegatronWorkerGroup pid=27296)[0m     self._build_tf_config()
[36m(MegatronWorkerGroup pid=27296)[0m   File "/vePFS-Mindverse/share/code/verl/verl/workers/engine/megatron/transformer_impl.py", line 170, in _build_tf_config
[36m(MegatronWorkerGroup pid=27296)[0m     provider.finalize()
[36m(MegatronWorkerGroup pid=27296)[0m   File "/workspace/Megatron-Bridge/src/megatron/bridge/models/transformer_config.py", line 69, in finalize
[36m(MegatronWorkerGroup pid=27296)[0m     MCoreTransformerConfig.__post_init__(self)
[36m(MegatronWorkerGroup pid=27296)[0m   File "/workspace/Megatron-LM/megatron/core/transformer/transformer_config.py", line 755, in __post_init__
[36m(MegatronWorkerGroup pid=27296)[0m     raise ValueError(
[36m(MegatronWorkerGroup pid=27296)[0m ValueError: num_attention_heads (28) must be a multiple of tensor_model_parallel_size (8).
[36m(MegatronWorkerGroup pid=27296)[0m Unhandled error (suppress with 'RAY_IGNORE_UNHANDLED_ERRORS=1'): [36mray::MegatronRankWorker.initialize()[39m (pid=190455, ip=192.168.32.76, actor_id=e95149dc8fef776e99ec15df55000000, repr=<tinker_server.backend.megatron_distributed.MegatronRankWorker object at 0x7f8aa28a41c0>)
[36m(MegatronWorkerGroup pid=27296)[0m   File "/vePFS-Mindverse/share/code/tinker-server/tinker_server/backend/megatron_distributed.py", line 187, in initialize
[36m(MegatronWorkerGroup pid=27296)[0m     self._initialize_megatron()
[36m(MegatronWorkerGroup pid=27296)[0m   File "/vePFS-Mindverse/share/code/tinker-server/tinker_server/backend/megatron_distributed.py", line 378, in _initialize_megatron
[36m(MegatronWorkerGroup pid=27296)[0m     self.engine.initialize()
[36m(MegatronWorkerGroup pid=27296)[0m   File "/vePFS-Mindverse/share/code/verl/verl/workers/engine/megatron/transformer_impl.py", line 308, in initialize
[36m(MegatronWorkerGroup pid=27296)[0m     self._build_tf_config()
[36m(MegatronWorkerGroup pid=27296)[0m   File "/vePFS-Mindverse/share/code/verl/verl/workers/engine/megatron/transformer_impl.py", line 170, in _build_tf_config
[36m(MegatronWorkerGroup pid=27296)[0m     provider.finalize()
[36m(MegatronWorkerGroup pid=27296)[0m   File "/workspace/Megatron-Bridge/src/megatron/bridge/models/transformer_config.py", line 69, in finalize
[36m(MegatronWorkerGroup pid=27296)[0m     MCoreTransformerConfig.__post_init__(self)
[36m(MegatronWorkerGroup pid=27296)[0m   File "/workspace/Megatron-LM/megatron/core/transformer/transformer_config.py", line 755, in __post_init__
[36m(MegatronWorkerGroup pid=27296)[0m     raise ValueError(
[36m(MegatronWorkerGroup pid=27296)[0m ValueError: num_attention_heads (28) must be a multiple of tensor_model_parallel_size (8).
[36m(MegatronWorkerGroup pid=27296)[0m Unhandled error (suppress with 'RAY_IGNORE_UNHANDLED_ERRORS=1'): [36mray::MegatronRankWorker.initialize()[39m (pid=177456, ip=192.168.32.83, actor_id=435d81e6b33ee27f7617fb9a55000000, repr=<tinker_server.backend.megatron_distributed.MegatronRankWorker object at 0x7fa5d5880160>)
[36m(MegatronWorkerGroup pid=27296)[0m   File "/vePFS-Mindverse/share/code/tinker-server/tinker_server/backend/megatron_distributed.py", line 187, in initialize
[36m(MegatronWorkerGroup pid=27296)[0m     self._initialize_megatron()
[36m(MegatronWorkerGroup pid=27296)[0m   File "/vePFS-Mindverse/share/code/tinker-server/tinker_server/backend/megatron_distributed.py", line 378, in _initialize_megatron
[36m(MegatronWorkerGroup pid=27296)[0m     self.engine.initialize()
[36m(MegatronWorkerGroup pid=27296)[0m   File "/vePFS-Mindverse/share/code/verl/verl/workers/engine/megatron/transformer_impl.py", line 308, in initialize
[36m(MegatronWorkerGroup pid=27296)[0m     self._build_tf_config()
[36m(MegatronWorkerGroup pid=27296)[0m   File "/vePFS-Mindverse/share/code/verl/verl/workers/engine/megatron/transformer_impl.py", line 170, in _build_tf_config
[36m(MegatronWorkerGroup pid=27296)[0m     provider.finalize()
[36m(MegatronWorkerGroup pid=27296)[0m   File "/workspace/Megatron-Bridge/src/megatron/bridge/models/transformer_config.py", line 69, in finalize
[36m(MegatronWorkerGroup pid=27296)[0m     MCoreTransformerConfig.__post_init__(self)
[36m(MegatronWorkerGroup pid=27296)[0m   File "/workspace/Megatron-LM/megatron/core/transformer/transformer_config.py", line 755, in __post_init__
[36m(MegatronWorkerGroup pid=27296)[0m     raise ValueError(
[36m(MegatronWorkerGroup pid=27296)[0m ValueError: num_attention_heads (28) must be a multiple of tensor_model_parallel_size (8).
[36m(MegatronWorkerGroup pid=27296)[0m Unhandled error (suppress with 'RAY_IGNORE_UNHANDLED_ERRORS=1'): [36mray::MegatronRankWorker.initialize()[39m (pid=175925, ip=192.168.32.77, actor_id=d34e57d6dde9b8a0a6b6ff6855000000, repr=<tinker_server.backend.megatron_distributed.MegatronRankWorker object at 0x7f88b7fc4100>)
[36m(MegatronWorkerGroup pid=27296)[0m   File "/vePFS-Mindverse/share/code/tinker-server/tinker_server/backend/megatron_distributed.py", line 187, in initialize
[36m(MegatronWorkerGroup pid=27296)[0m     self._initialize_megatron()
[36m(MegatronWorkerGroup pid=27296)[0m   File "/vePFS-Mindverse/share/code/tinker-server/tinker_server/backend/megatron_distributed.py", line 378, in _initialize_megatron
[36m(MegatronWorkerGroup pid=27296)[0m     self.engine.initialize()
[36m(MegatronWorkerGroup pid=27296)[0m   File "/vePFS-Mindverse/share/code/verl/verl/workers/engine/megatron/transformer_impl.py", line 308, in initialize
[36m(MegatronWorkerGroup pid=27296)[0m     self._build_tf_config()
[36m(MegatronWorkerGroup pid=27296)[0m   File "/vePFS-Mindverse/share/code/verl/verl/workers/engine/megatron/transformer_impl.py", line 170, in _build_tf_config
[36m(MegatronWorkerGroup pid=27296)[0m     provider.finalize()
[36m(MegatronWorkerGroup pid=27296)[0m   File "/workspace/Megatron-Bridge/src/megatron/bridge/models/transformer_config.py", line 69, in finalize
[36m(MegatronWorkerGroup pid=27296)[0m     MCoreTransformerConfig.__post_init__(self)
[36m(MegatronWorkerGroup pid=27296)[0m   File "/workspace/Megatron-LM/megatron/core/transformer/transformer_config.py", line 755, in __post_init__
[36m(MegatronWorkerGroup pid=27296)[0m     raise ValueError(
[36m(MegatronWorkerGroup pid=27296)[0m ValueError: num_attention_heads (28) must be a multiple of tensor_model_parallel_size (8).
[36m(MegatronWorkerGroup pid=27296)[0m Unhandled error (suppress with 'RAY_IGNORE_UNHANDLED_ERRORS=1'): [36mray::MegatronRankWorker.initialize()[39m (pid=182091, ip=192.168.32.82, actor_id=82b21b45742bff41cf22fdee55000000, repr=<tinker_server.backend.megatron_distributed.MegatronRankWorker object at 0x7f20b8c5c160>)
[36m(MegatronWorkerGroup pid=27296)[0m   File "/vePFS-Mindverse/share/code/tinker-server/tinker_server/backend/megatron_distributed.py", line 187, in initialize
[36m(MegatronWorkerGroup pid=27296)[0m     self._initialize_megatron()
[36m(MegatronWorkerGroup pid=27296)[0m   File "/vePFS-Mindverse/share/code/tinker-server/tinker_server/backend/megatron_distributed.py", line 378, in _initialize_megatron
[36m(MegatronWorkerGroup pid=27296)[0m     self.engine.initialize()
[36m(MegatronWorkerGroup pid=27296)[0m   File "/vePFS-Mindverse/share/code/verl/verl/workers/engine/megatron/transformer_impl.py", line 308, in initialize
[36m(MegatronWorkerGroup pid=27296)[0m     self._build_tf_config()
[36m(MegatronWorkerGroup pid=27296)[0m   File "/vePFS-Mindverse/share/code/verl/verl/workers/engine/megatron/transformer_impl.py", line 170, in _build_tf_config
[36m(MegatronWorkerGroup pid=27296)[0m     provider.finalize()
[36m(MegatronWorkerGroup pid=27296)[0m   File "/workspace/Megatron-Bridge/src/megatron/bridge/models/transformer_config.py", line 69, in finalize
[36m(MegatronWorkerGroup pid=27296)[0m     MCoreTransformerConfig.__post_init__(self)
[36m(MegatronWorkerGroup pid=27296)[0m   File "/workspace/Megatron-LM/megatron/core/transformer/transformer_config.py", line 755, in __post_init__
[36m(MegatronWorkerGroup pid=27296)[0m     raise ValueError(
[36m(MegatronWorkerGroup pid=27296)[0m ValueError: num_attention_heads (28) must be a multiple of tensor_model_parallel_size (8).
[36m(MegatronWorkerGroup pid=27296)[0m Unhandled error (suppress with 'RAY_IGNORE_UNHANDLED_ERRORS=1'): [36mray::MegatronRankWorker.initialize()[39m (pid=184799, ip=192.168.32.80, actor_id=74c05db7a8ee0bbebb1e2c9a55000000, repr=<tinker_server.backend.megatron_distributed.MegatronRankWorker object at 0x7f80394a40d0>)
[36m(MegatronWorkerGroup pid=27296)[0m   File "/vePFS-Mindverse/share/code/tinker-server/tinker_server/backend/megatron_distributed.py", line 187, in initialize
[36m(MegatronWorkerGroup pid=27296)[0m     self._initialize_megatron()
[36m(MegatronWorkerGroup pid=27296)[0m   File "/vePFS-Mindverse/share/code/tinker-server/tinker_server/backend/megatron_distributed.py", line 378, in _initialize_megatron
[36m(MegatronWorkerGroup pid=27296)[0m     self.engine.initialize()
[36m(MegatronWorkerGroup pid=27296)[0m   File "/vePFS-Mindverse/share/code/verl/verl/workers/engine/megatron/transformer_impl.py", line 308, in initialize
[36m(MegatronWorkerGroup pid=27296)[0m     self._build_tf_config()
[36m(MegatronWorkerGroup pid=27296)[0m   File "/vePFS-Mindverse/share/code/verl/verl/workers/engine/megatron/transformer_impl.py", line 170, in _build_tf_config
[36m(MegatronWorkerGroup pid=27296)[0m     provider.finalize()
[36m(MegatronWorkerGroup pid=27296)[0m   File "/workspace/Megatron-Bridge/src/megatron/bridge/models/transformer_config.py", line 69, in finalize
[36m(MegatronWorkerGroup pid=27296)[0m     MCoreTransformerConfig.__post_init__(self)
[36m(MegatronWorkerGroup pid=27296)[0m   File "/workspace/Megatron-LM/megatron/core/transformer/transformer_config.py", line 755, in __post_init__
[36m(MegatronWorkerGroup pid=27296)[0m     raise ValueError(
[36m(MegatronWorkerGroup pid=27296)[0m ValueError: num_attention_heads (28) must be a multiple of tensor_model_parallel_size (8).
[36m(MegatronWorkerGroup pid=27296)[0m Unhandled error (suppress with 'RAY_IGNORE_UNHANDLED_ERRORS=1'): [36mray::MegatronRankWorker.initialize()[39m (pid=178722, ip=192.168.32.79, actor_id=5c88bcbf65d1e9f87210c96655000000, repr=<tinker_server.backend.megatron_distributed.MegatronRankWorker object at 0x7f87eca180d0>)
[36m(MegatronWorkerGroup pid=27296)[0m   File "/vePFS-Mindverse/share/code/tinker-server/tinker_server/backend/megatron_distributed.py", line 187, in initialize
[36m(MegatronWorkerGroup pid=27296)[0m     self._initialize_megatron()
[36m(MegatronWorkerGroup pid=27296)[0m   File "/vePFS-Mindverse/share/code/tinker-server/tinker_server/backend/megatron_distributed.py", line 378, in _initialize_megatron
[36m(MegatronWorkerGroup pid=27296)[0m     self.engine.initialize()
[36m(MegatronWorkerGroup pid=27296)[0m   File "/vePFS-Mindverse/share/code/verl/verl/workers/engine/megatron/transformer_impl.py", line 308, in initialize
[36m(MegatronWorkerGroup pid=27296)[0m     self._build_tf_config()
[36m(MegatronWorkerGroup pid=27296)[0m   File "/vePFS-Mindverse/share/code/verl/verl/workers/engine/megatron/transformer_impl.py", line 170, in _build_tf_config
[36m(MegatronWorkerGroup pid=27296)[0m     provider.finalize()
[36m(MegatronWorkerGroup pid=27296)[0m   File "/workspace/Megatron-Bridge/src/megatron/bridge/models/transformer_config.py", line 69, in finalize
[36m(MegatronWorkerGroup pid=27296)[0m     MCoreTransformerConfig.__post_init__(self)
[36m(MegatronWorkerGroup pid=27296)[0m   File "/workspace/Megatron-LM/megatron/core/transformer/transformer_config.py", line 755, in __post_init__
[36m(MegatronWorkerGroup pid=27296)[0m     raise ValueError(
[36m(MegatronWorkerGroup pid=27296)[0m ValueError: num_attention_heads (28) must be a multiple of tensor_model_parallel_size (8).
[36m(MegatronWorkerGroup pid=27296)[0m Unhandled error (suppress with 'RAY_IGNORE_UNHANDLED_ERRORS=1'): [36mray::MegatronRankWorker.initialize()[39m (pid=175928, ip=192.168.32.77, actor_id=c0d06ee096fff47cda69349355000000, repr=<tinker_server.backend.megatron_distributed.MegatronRankWorker object at 0x7fceab8a8100>)
[36m(MegatronWorkerGroup pid=27296)[0m   File "/vePFS-Mindverse/share/code/tinker-server/tinker_server/backend/megatron_distributed.py", line 187, in initialize
[36m(MegatronWorkerGroup pid=27296)[0m     self._initialize_megatron()
[36m(MegatronWorkerGroup pid=27296)[0m   File "/vePFS-Mindverse/share/code/tinker-server/tinker_server/backend/megatron_distributed.py", line 378, in _initialize_megatron
[36m(MegatronWorkerGroup pid=27296)[0m     self.engine.initialize()
[36m(MegatronWorkerGroup pid=27296)[0m   File "/vePFS-Mindverse/share/code/verl/verl/workers/engine/megatron/transformer_impl.py", line 308, in initialize
[36m(MegatronWorkerGroup pid=27296)[0m     self._build_tf_config()
[36m(MegatronWorkerGroup pid=27296)[0m   File "/vePFS-Mindverse/share/code/verl/verl/workers/engine/megatron/transformer_impl.py", line 170, in _build_tf_config
[36m(MegatronWorkerGroup pid=27296)[0m     provider.finalize()
[36m(MegatronWorkerGroup pid=27296)[0m   File "/workspace/Megatron-Bridge/src/megatron/bridge/models/transformer_config.py", line 69, in finalize
[36m(MegatronWorkerGroup pid=27296)[0m     MCoreTransformerConfig.__post_init__(self)
[36m(MegatronWorkerGroup pid=27296)[0m   File "/workspace/Megatron-LM/megatron/core/transformer/transformer_config.py", line 755, in __post_init__
[36m(MegatronWorkerGroup pid=27296)[0m     raise ValueError(
[36m(MegatronWorkerGroup pid=27296)[0m ValueError: num_attention_heads (28) must be a multiple of tensor_model_parallel_size (8).
[36m(MegatronWorkerGroup pid=27296)[0m Unhandled error (suppress with 'RAY_IGNORE_UNHANDLED_ERRORS=1'): [36mray::MegatronRankWorker.initialize()[39m (pid=184798, ip=192.168.32.80, actor_id=e707569c4467d5e18d7ffca355000000, repr=<tinker_server.backend.megatron_distributed.MegatronRankWorker object at 0x7fdf15874130>)
[36m(MegatronWorkerGroup pid=27296)[0m   File "/vePFS-Mindverse/share/code/tinker-server/tinker_server/backend/megatron_distributed.py", line 187, in initialize
[36m(MegatronWorkerGroup pid=27296)[0m     self._initialize_megatron()
[36m(MegatronWorkerGroup pid=27296)[0m   File "/vePFS-Mindverse/share/code/tinker-server/tinker_server/backend/megatron_distributed.py", line 378, in _initialize_megatron
[36m(MegatronWorkerGroup pid=27296)[0m     self.engine.initialize()
[36m(MegatronWorkerGroup pid=27296)[0m   File "/vePFS-Mindverse/share/code/verl/verl/workers/engine/megatron/transformer_impl.py", line 308, in initialize
[36m(MegatronWorkerGroup pid=27296)[0m     self._build_tf_config()
[36m(MegatronWorkerGroup pid=27296)[0m   File "/vePFS-Mindverse/share/code/verl/verl/workers/engine/megatron/transformer_impl.py", line 170, in _build_tf_config
[36m(MegatronWorkerGroup pid=27296)[0m     provider.finalize()
[36m(MegatronWorkerGroup pid=27296)[0m   File "/workspace/Megatron-Bridge/src/megatron/bridge/models/transformer_config.py", line 69, in finalize
[36m(MegatronWorkerGroup pid=27296)[0m     MCoreTransformerConfig.__post_init__(self)
[36m(MegatronWorkerGroup pid=27296)[0m   File "/workspace/Megatron-LM/megatron/core/transformer/transformer_config.py", line 755, in __post_init__
[36m(MegatronWorkerGroup pid=27296)[0m     raise ValueError(
[36m(MegatronWorkerGroup pid=27296)[0m ValueError: num_attention_heads (28) must be a multiple of tensor_model_parallel_size (8).
[36m(MegatronWorkerGroup pid=27296)[0m Unhandled error (suppress with 'RAY_IGNORE_UNHANDLED_ERRORS=1'): [36mray::MegatronRankWorker.initialize()[39m (pid=182094, ip=192.168.32.82, actor_id=9c8b6f2a136513cba473dddb55000000, repr=<tinker_server.backend.megatron_distributed.MegatronRankWorker object at 0x7f7cc86e0160>)
[36m(MegatronWorkerGroup pid=27296)[0m   File "/vePFS-Mindverse/share/code/tinker-server/tinker_server/backend/megatron_distributed.py", line 187, in initialize
[36m(MegatronWorkerGroup pid=27296)[0m     self._initialize_megatron()
[36m(MegatronWorkerGroup pid=27296)[0m   File "/vePFS-Mindverse/share/code/tinker-server/tinker_server/backend/megatron_distributed.py", line 378, in _initialize_megatron
[36m(MegatronWorkerGroup pid=27296)[0m     self.engine.initialize()
[36m(MegatronWorkerGroup pid=27296)[0m   File "/vePFS-Mindverse/share/code/verl/verl/workers/engine/megatron/transformer_impl.py", line 308, in initialize
[36m(MegatronWorkerGroup pid=27296)[0m     self._build_tf_config()
[36m(MegatronWorkerGroup pid=27296)[0m   File "/vePFS-Mindverse/share/code/verl/verl/workers/engine/megatron/transformer_impl.py", line 170, in _build_tf_config
[36m(MegatronWorkerGroup pid=27296)[0m     provider.finalize()
[36m(MegatronWorkerGroup pid=27296)[0m   File "/workspace/Megatron-Bridge/src/megatron/bridge/models/transformer_config.py", line 69, in finalize
[36m(MegatronWorkerGroup pid=27296)[0m     MCoreTransformerConfig.__post_init__(self)
[36m(MegatronWorkerGroup pid=27296)[0m   File "/workspace/Megatron-LM/megatron/core/transformer/transformer_config.py", line 755, in __post_init__
[36m(MegatronWorkerGroup pid=27296)[0m     raise ValueError(
[36m(MegatronWorkerGroup pid=27296)[0m ValueError: num_attention_heads (28) must be a multiple of tensor_model_parallel_size (8).
[36m(MegatronWorkerGroup pid=27296)[0m Unhandled error (suppress with 'RAY_IGNORE_UNHANDLED_ERRORS=1'): [36mray::MegatronRankWorker.initialize()[39m (pid=178720, ip=192.168.32.79, actor_id=6650ed7504841a763d44203155000000, repr=<tinker_server.backend.megatron_distributed.MegatronRankWorker object at 0x7f794f888130>)
[36m(MegatronWorkerGroup pid=27296)[0m   File "/vePFS-Mindverse/share/code/tinker-server/tinker_server/backend/megatron_distributed.py", line 187, in initialize
[36m(MegatronWorkerGroup pid=27296)[0m     self._initialize_megatron()
[36m(MegatronWorkerGroup pid=27296)[0m   File "/vePFS-Mindverse/share/code/tinker-server/tinker_server/backend/megatron_distributed.py", line 378, in _initialize_megatron
[36m(MegatronWorkerGroup pid=27296)[0m     self.engine.initialize()
[36m(MegatronWorkerGroup pid=27296)[0m   File "/vePFS-Mindverse/share/code/verl/verl/workers/engine/megatron/transformer_impl.py", line 308, in initialize
[36m(MegatronWorkerGroup pid=27296)[0m     self._build_tf_config()
[36m(MegatronWorkerGroup pid=27296)[0m   File "/vePFS-Mindverse/share/code/verl/verl/workers/engine/megatron/transformer_impl.py", line 170, in _build_tf_config
[36m(MegatronWorkerGroup pid=27296)[0m     provider.finalize()
[36m(MegatronWorkerGroup pid=27296)[0m   File "/workspace/Megatron-Bridge/src/megatron/bridge/models/transformer_config.py", line 69, in finalize
[36m(MegatronWorkerGroup pid=27296)[0m     MCoreTransformerConfig.__post_init__(self)
[36m(MegatronWorkerGroup pid=27296)[0m   File "/workspace/Megatron-LM/megatron/core/transformer/transformer_config.py", line 755, in __post_init__
[36m(MegatronWorkerGroup pid=27296)[0m     raise ValueError(
[36m(MegatronWorkerGroup pid=27296)[0m ValueError: num_attention_heads (28) must be a multiple of tensor_model_parallel_size (8).
ERROR:2025-12-22 16:41:34,220:[create_model] Failed: The actor died because of an error raised in its creation task, [36mray::megatron_qwen2_5_7b_instruct:MegatronWorkerGroup.__init__()[39m (pid=27296, ip=192.168.47.138, actor_id=f23e71d36dfdee3dc163a9af55000000, repr=<tinker_server.backend.megatron_distributed.MegatronWorkerGroup object at 0x7f4d0bbd7190>)
  File "/vePFS-Mindverse/share/code/tinker-server/tinker_server/backend/megatron_distributed.py", line 1602, in __init__
    self._initialize()
  File "/vePFS-Mindverse/share/code/tinker-server/tinker_server/backend/megatron_distributed.py", line 1674, in _initialize
    ray.get([w.initialize.remote() for w in self.workers])
ray.exceptions.RayTaskError(ValueError): [36mray::MegatronRankWorker.initialize()[39m (pid=186648, ip=192.168.32.81, actor_id=8886f6ec5a519a24a27a11de55000000, repr=<tinker_server.backend.megatron_distributed.MegatronRankWorker object at 0x7fc02cff0100>)
  File "/vePFS-Mindverse/share/code/tinker-server/tinker_server/backend/megatron_distributed.py", line 187, in initialize
    self._initialize_megatron()
  File "/vePFS-Mindverse/share/code/tinker-server/tinker_server/backend/megatron_distributed.py", line 378, in _initialize_megatron
    self.engine.initialize()
  File "/vePFS-Mindverse/share/code/verl/verl/workers/engine/megatron/transformer_impl.py", line 308, in initialize
    self._build_tf_config()
  File "/vePFS-Mindverse/share/code/verl/verl/workers/engine/megatron/transformer_impl.py", line 170, in _build_tf_config
    provider.finalize()
  File "/workspace/Megatron-Bridge/src/megatron/bridge/models/transformer_config.py", line 69, in finalize
    MCoreTransformerConfig.__post_init__(self)
  File "/workspace/Megatron-LM/megatron/core/transformer/transformer_config.py", line 755, in __post_init__
    raise ValueError(
ValueError: num_attention_heads (28) must be a multiple of tensor_model_parallel_size (8).
Traceback (most recent call last):
  File "/vePFS-Mindverse/share/code/tinker-server/tinker_server/routes/training.py", line 109, in _do_create_model
    await training_engine.create_training_session(session)
  File "/vePFS-Mindverse/share/code/tinker-server/tinker_server/backend/verl_training.py", line 1373, in create_training_session
    worker = await async_get_or_create_megatron_worker_group(
  File "/vePFS-Mindverse/share/code/tinker-server/tinker_server/backend/megatron_distributed.py", line 2777, in async_get_or_create_megatron_worker_group
    return await asyncio.to_thread(
  File "/usr/lib/python3.10/asyncio/threads.py", line 25, in to_thread
    return await loop.run_in_executor(None, func_call)
  File "/usr/lib/python3.10/concurrent/futures/thread.py", line 58, in run
    result = self.fn(*self.args, **self.kwargs)
  File "/vePFS-Mindverse/share/code/tinker-server/tinker_server/backend/megatron_distributed.py", line 2734, in get_or_create_megatron_worker_group
    ray.get(actor.__ray_ready__.remote())
  File "/usr/local/lib/python3.10/dist-packages/ray/_private/auto_init_hook.py", line 22, in auto_init_wrapper
    return fn(*args, **kwargs)
  File "/usr/local/lib/python3.10/dist-packages/ray/_private/client_mode_hook.py", line 104, in wrapper
    return func(*args, **kwargs)
  File "/usr/local/lib/python3.10/dist-packages/ray/_private/worker.py", line 2961, in get
    values, debugger_breakpoint = worker.get_objects(
  File "/usr/local/lib/python3.10/dist-packages/ray/_private/worker.py", line 1028, in get_objects
    raise value
ray.exceptions.ActorDiedError: The actor died because of an error raised in its creation task, [36mray::megatron_qwen2_5_7b_instruct:MegatronWorkerGroup.__init__()[39m (pid=27296, ip=192.168.47.138, actor_id=f23e71d36dfdee3dc163a9af55000000, repr=<tinker_server.backend.megatron_distributed.MegatronWorkerGroup object at 0x7f4d0bbd7190>)
  File "/vePFS-Mindverse/share/code/tinker-server/tinker_server/backend/megatron_distributed.py", line 1602, in __init__
    self._initialize()
  File "/vePFS-Mindverse/share/code/tinker-server/tinker_server/backend/megatron_distributed.py", line 1674, in _initialize
    ray.get([w.initialize.remote() for w in self.workers])
ray.exceptions.RayTaskError(ValueError): [36mray::MegatronRankWorker.initialize()[39m (pid=186648, ip=192.168.32.81, actor_id=8886f6ec5a519a24a27a11de55000000, repr=<tinker_server.backend.megatron_distributed.MegatronRankWorker object at 0x7fc02cff0100>)
  File "/vePFS-Mindverse/share/code/tinker-server/tinker_server/backend/megatron_distributed.py", line 187, in initialize
    self._initialize_megatron()
  File "/vePFS-Mindverse/share/code/tinker-server/tinker_server/backend/megatron_distributed.py", line 378, in _initialize_megatron
    self.engine.initialize()
  File "/vePFS-Mindverse/share/code/verl/verl/workers/engine/megatron/transformer_impl.py", line 308, in initialize
    self._build_tf_config()
  File "/vePFS-Mindverse/share/code/verl/verl/workers/engine/megatron/transformer_impl.py", line 170, in _build_tf_config
    provider.finalize()
  File "/workspace/Megatron-Bridge/src/megatron/bridge/models/transformer_config.py", line 69, in finalize
    MCoreTransformerConfig.__post_init__(self)
  File "/workspace/Megatron-LM/megatron/core/transformer/transformer_config.py", line 755, in __post_init__
    raise ValueError(
ValueError: num_attention_heads (28) must be a multiple of tensor_model_parallel_size (8).
[36m(MegatronWorkerGroup pid=27296)[0m Unhandled error (suppress with 'RAY_IGNORE_UNHANDLED_ERRORS=1'): [36mray::MegatronRankWorker.initialize()[39m (pid=210481, ip=192.168.32.75, actor_id=da625264b966313f9e8869ba55000000, repr=<tinker_server.backend.megatron_distributed.MegatronRankWorker object at 0x7f77982d8130>)
[36m(MegatronWorkerGroup pid=27296)[0m   File "/vePFS-Mindverse/share/code/tinker-server/tinker_server/backend/megatron_distributed.py", line 187, in initialize
[36m(MegatronWorkerGroup pid=27296)[0m     self._initialize_megatron()
[36m(MegatronWorkerGroup pid=27296)[0m   File "/vePFS-Mindverse/share/code/tinker-server/tinker_server/backend/megatron_distributed.py", line 378, in _initialize_megatron
[36m(MegatronWorkerGroup pid=27296)[0m     self.engine.initialize()
[36m(MegatronWorkerGroup pid=27296)[0m   File "/vePFS-Mindverse/share/code/verl/verl/workers/engine/megatron/transformer_impl.py", line 308, in initialize
[36m(MegatronWorkerGroup pid=27296)[0m     self._build_tf_config()
[36m(MegatronWorkerGroup pid=27296)[0m   File "/vePFS-Mindverse/share/code/verl/verl/workers/engine/megatron/transformer_impl.py", line 170, in _build_tf_config
[36m(MegatronWorkerGroup pid=27296)[0m     provider.finalize()
[36m(MegatronWorkerGroup pid=27296)[0m   File "/workspace/Megatron-Bridge/src/megatron/bridge/models/transformer_config.py", line 69, in finalize
[36m(MegatronWorkerGroup pid=27296)[0m     MCoreTransformerConfig.__post_init__(self)
[36m(MegatronWorkerGroup pid=27296)[0m   File "/workspace/Megatron-LM/megatron/core/transformer/transformer_config.py", line 755, in __post_init__
[36m(MegatronWorkerGroup pid=27296)[0m     raise ValueError(
[36m(MegatronWorkerGroup pid=27296)[0m ValueError: num_attention_heads (28) must be a multiple of tensor_model_parallel_size (8).
INFO:     127.0.0.1:34914 - "POST /api/v1/retrieve_future HTTP/1.1" 200 OK
INFO:     127.0.0.1:58980 - "POST /api/v1/create_model HTTP/1.1" 200 OK
[36m(pid=27463)[0m W1222 16:44:00.494000 27463 torch/utils/cpp_extension.py:117] No CUDA runtime is found, using CUDA_HOME='/usr/local/cuda'
[36m(MegatronRankWorker pid=210481, ip=192.168.32.75)[0m /usr/local/lib/python3.10/dist-packages/modelopt/torch/__init__.py:36: UserWarning: transformers version 4.57.1 is incompatible with nvidia-modelopt and may cause issues. Please install recommended version with `pip install nvidia-modelopt[hf]` if working with HF models.[32m [repeated 63x across cluster][0m
[36m(MegatronRankWorker pid=210481, ip=192.168.32.75)[0m   _warnings.warn([32m [repeated 63x across cluster][0m
[36m(MegatronRankWorker pid=210481, ip=192.168.32.75)[0m `torch_dtype` is deprecated! Use `dtype` instead![32m [repeated 63x across cluster][0m
INFO:     127.0.0.1:57366 - "POST /api/v1/retrieve_future HTTP/1.1" 408 Request Timeout
[36m(MegatronRankWorker pid=178236, ip=192.168.32.77)[0m WARNING:2025-12-22 16:44:16,480:fused_indices_to_multihot has reached end of life. Please migrate to a non-experimental function.
[36m(MegatronRankWorker pid=184474, ip=192.168.32.82)[0m You are using a model of type kimi_k2 to instantiate a model of type deepseek_v3. This is not supported for all configurations of models and can yield errors.
[36m(MegatronRankWorker pid=212865, ip=192.168.32.75)[0m /usr/local/lib/python3.10/dist-packages/modelopt/torch/__init__.py:36: UserWarning: transformers version 4.57.1 is incompatible with nvidia-modelopt and may cause issues. Please install recommended version with `pip install nvidia-modelopt[hf]` if working with HF models.
[36m(MegatronRankWorker pid=212865, ip=192.168.32.75)[0m   _warnings.warn(
[36m(MegatronRankWorker pid=179986, ip=192.168.32.83)[0m WARNING:2025-12-22 16:44:17,061:fused_indices_to_multihot has reached end of life. Please migrate to a non-experimental function.[32m [repeated 63x across cluster][0m
[36m(MegatronRankWorker pid=212865, ip=192.168.32.75)[0m `torch_dtype` is deprecated! Use `dtype` instead!
[36m(MegatronRankWorker pid=184474, ip=192.168.32.82)[0m /usr/local/lib/python3.10/dist-packages/transformer_engine/pytorch/module/base.py:1125: UserWarning: To guarantee overlapping TP and SP collectives with the backwardGEMMs, set environment variable CUDA_DEVICE_MAX_CONNECTIONS = 1
[36m(MegatronRankWorker pid=184474, ip=192.168.32.82)[0m   warnings.warn(
[36m(MegatronRankWorker pid=179990, ip=192.168.32.83)[0m [Gloo] Rank 2 is connected to 7 peer ranks. Expected number of connected peer ranks is : 7[32m [repeated 192x across cluster][0m
[36m(MegatronRankWorker pid=212865, ip=192.168.32.75)[0m Enabling LORA with rank=32, alpha=64, dropout=0.0
[36m(MegatronRankWorker pid=184474, ip=192.168.32.82)[0m  > number of parameters on (tensor, pipeline) model parallel rank (3, 0): 18287021056
[36m(MegatronRankWorker pid=181106, ip=192.168.32.79)[0m [Gloo] Rank 0 is connected to 0 peer ranks. Expected number of connected peer ranks is : 0[32m [repeated 191x across cluster][0m
[36m(MegatronRankWorker pid=179986, ip=192.168.32.83)[0m 
[36m(MegatronRankWorker pid=179986, ip=192.168.32.83)[0m ============================================================
[36m(MegatronRankWorker pid=179986, ip=192.168.32.83)[0m PEFT Adapter Information:
[36m(MegatronRankWorker pid=179986, ip=192.168.32.83)[0m   Total parameters:     18,287,021,056
[36m(MegatronRankWorker pid=179986, ip=192.168.32.83)[0m   Adapter parameters:   13,856,768
[36m(MegatronRankWorker pid=179986, ip=192.168.32.83)[0m   Trainable percentage: 0.08%
[36m(MegatronRankWorker pid=179986, ip=192.168.32.83)[0m ============================================================
[36m(MegatronRankWorker pid=179986, ip=192.168.32.83)[0m 
[36m(MegatronRankWorker pid=184473, ip=192.168.32.82)[0m module: 1
[36m(MegatronRankWorker pid=178239, ip=192.168.32.77)[0m Enabling LORA with rank=32, alpha=64, dropout=0.0[32m [repeated 63x across cluster][0m
INFO:     127.0.0.1:42876 - "POST /api/v1/retrieve_future HTTP/1.1" 408 Request Timeout
[36m(MegatronRankWorker pid=179986, ip=192.168.32.83)[0m WARNING:2025-12-22 16:44:35,448:WARNING: Can't find the following HF parameters in hf_keys: ['model.layers.1.mlp.experts.0.gate_proj.weight', 'model.layers.1.mlp.experts.0.up_proj.weight']
[36m(MegatronRankWorker pid=179986, ip=192.168.32.83)[0m WARNING:2025-12-22 16:44:35,453:WARNING: Can't find the following HF parameters in hf_keys: ['model.layers.1.mlp.experts.1.gate_proj.weight', 'model.layers.1.mlp.experts.1.up_proj.weight']
[36m(MegatronRankWorker pid=178239, ip=192.168.32.77)[0m You are using a model of type kimi_k2 to instantiate a model of type deepseek_v3. This is not supported for all configurations of models and can yield errors.[32m [repeated 319x across cluster][0m
[36m(MegatronRankWorker pid=184479, ip=192.168.32.82)[0m /usr/local/lib/python3.10/dist-packages/modelopt/torch/__init__.py:36: UserWarning: transformers version 4.57.1 is incompatible with nvidia-modelopt and may cause issues. Please install recommended version with `pip install nvidia-modelopt[hf]` if working with HF models.[32m [repeated 63x across cluster][0m
[36m(MegatronRankWorker pid=184479, ip=192.168.32.82)[0m   _warnings.warn([32m [repeated 63x across cluster][0m
[36m(MegatronRankWorker pid=178239, ip=192.168.32.77)[0m `torch_dtype` is deprecated! Use `dtype` instead![32m [repeated 63x across cluster][0m
[36m(MegatronRankWorker pid=192839, ip=192.168.32.76)[0m /usr/local/lib/python3.10/dist-packages/transformer_engine/pytorch/module/base.py:1125: UserWarning: To guarantee overlapping TP and SP collectives with the backwardGEMMs, set environment variable CUDA_DEVICE_MAX_CONNECTIONS = 1[32m [repeated 63x across cluster][0m
[36m(MegatronRankWorker pid=192839, ip=192.168.32.76)[0m   warnings.warn([32m [repeated 63x across cluster][0m
[36m(MegatronRankWorker pid=179986, ip=192.168.32.83)[0m WARNING:2025-12-22 16:44:35,671:WARNING: Can't find model.layers.1.mlp.experts.0.down_proj.weight in hf_keys
[36m(MegatronRankWorker pid=179986, ip=192.168.32.83)[0m WARNING:2025-12-22 16:44:35,674:WARNING: Can't find model.layers.1.mlp.experts.1.down_proj.weight in hf_keys
[36m(MegatronRankWorker pid=179986, ip=192.168.32.83)[0m WARNING:2025-12-22 16:44:35,676:WARNING: Can't find model.layers.1.mlp.experts.2.down_proj.weight in hf_keys
[36m(MegatronRankWorker pid=179986, ip=192.168.32.83)[0m WARNING:2025-12-22 16:44:35,679:WARNING: Can't find model.layers.1.mlp.experts.3.down_proj.weight in hf_keys
[36m(MegatronRankWorker pid=179986, ip=192.168.32.83)[0m WARNING:2025-12-22 16:44:35,681:WARNING: Can't find model.layers.1.mlp.experts.4.down_proj.weight in hf_keys
[36m(MegatronRankWorker pid=179986, ip=192.168.32.83)[0m WARNING:2025-12-22 16:44:35,684:WARNING: Can't find model.layers.1.mlp.experts.5.down_proj.weight in hf_keys
[36m(MegatronRankWorker pid=179986, ip=192.168.32.83)[0m WARNING:2025-12-22 16:44:35,686:WARNING: Can't find model.layers.1.mlp.experts.6.down_proj.weight in hf_keys
[36m(MegatronRankWorker pid=179986, ip=192.168.32.83)[0m WARNING:2025-12-22 16:44:35,689:WARNING: Can't find model.layers.1.mlp.experts.7.down_proj.weight in hf_keys
[36m(MegatronRankWorker pid=179986, ip=192.168.32.83)[0m WARNING:2025-12-22 16:44:35,692:WARNING: Can't find model.layers.1.mlp.experts.8.down_proj.weight in hf_keys
[36m(MegatronRankWorker pid=179986, ip=192.168.32.83)[0m WARNING:2025-12-22 16:44:35,694:WARNING: Can't find model.layers.1.mlp.experts.9.down_proj.weight in hf_keys
[36m(MegatronRankWorker pid=179986, ip=192.168.32.83)[0m WARNING:2025-12-22 16:44:35,697:WARNING: Can't find model.layers.1.mlp.experts.10.down_proj.weight in hf_keys
[36m(MegatronRankWorker pid=179986, ip=192.168.32.83)[0m WARNING:2025-12-22 16:44:35,699:WARNING: Can't find model.layers.1.mlp.experts.11.down_proj.weight in hf_keys
[36m(MegatronRankWorker pid=179986, ip=192.168.32.83)[0m WARNING:2025-12-22 16:44:35,701:WARNING: Can't find model.layers.1.mlp.experts.12.down_proj.weight in hf_keys
[36m(MegatronRankWorker pid=179986, ip=192.168.32.83)[0m WARNING:2025-12-22 16:44:35,704:WARNING: Can't find model.layers.1.mlp.experts.13.down_proj.weight in hf_keys
[36m(MegatronRankWorker pid=179986, ip=192.168.32.83)[0m WARNING:2025-12-22 16:44:35,706:WARNING: Can't find model.layers.1.mlp.experts.14.down_proj.weight in hf_keys
[36m(MegatronRankWorker pid=179986, ip=192.168.32.83)[0m WARNING:2025-12-22 16:44:35,708:WARNING: Can't find model.layers.1.mlp.experts.15.down_proj.weight in hf_keys
[36m(MegatronRankWorker pid=179986, ip=192.168.32.83)[0m WARNING:2025-12-22 16:44:35,711:WARNING: Can't find model.layers.1.mlp.experts.16.down_proj.weight in hf_keys
[36m(MegatronRankWorker pid=179986, ip=192.168.32.83)[0m WARNING:2025-12-22 16:44:35,713:WARNING: Can't find model.layers.1.mlp.experts.17.down_proj.weight in hf_keys
[36m(MegatronRankWorker pid=187186, ip=192.168.32.80)[0m WARNING:2025-12-22 16:44:40,454:WARNING: Can't find the following HF parameters in hf_keys: ['model.layers.10.mlp.experts.314.gate_proj.weight', 'model.layers.10.mlp.experts.314.up_proj.weight'][32m [repeated 29275x across cluster][0m
[36m(MegatronRankWorker pid=192837, ip=192.168.32.76)[0m WARNING:2025-12-22 16:44:40,671:WARNING: Can't find model.layers.10.mlp.experts.250.down_proj.weight in hf_keys[32m [repeated 29234x across cluster][0m
[36m(MegatronRankWorker pid=179988, ip=192.168.32.83)[0m WARNING:2025-12-22 16:44:45,450:WARNING: Can't find the following HF parameters in hf_keys: ['model.layers.23.mlp.experts.111.gate_proj.weight', 'model.layers.23.mlp.experts.111.up_proj.weight'][32m [repeated 35882x across cluster][0m
[36m(MegatronRankWorker pid=192841, ip=192.168.32.76)[0m WARNING:2025-12-22 16:44:45,674:WARNING: Can't find model.layers.21.mlp.experts.247.down_proj.weight in hf_keys[32m [repeated 35971x across cluster][0m
[36m(MegatronRankWorker pid=181105, ip=192.168.32.79)[0m WARNING:2025-12-22 16:44:47,398:WARNING: Can't find model.layers.26.mlp.experts.169.down_proj.weight in h
[36m(MegatronRankWorker pid=181105, ip=192.168.32.79)[0m f_keys
[36m(MegatronRankWorker pid=187185, ip=192.168.32.80)[0m WARNING:2025-12-22 16:44:48,056:WARNING: Can't find the following HF parameters in hf_keys: ['model.layers.28.mlp.experts.325.gate_proj.weight', 'model.la
[36m(MegatronRankWorker pid=187185, ip=192.168.32.80)[0m yers.28.mlp.experts.325.up_proj.weight']
[36m(MegatronRankWorker pid=181107, ip=192.168.32.79)[0m WARNING:2025-12-22 16:44:50,450:WARNING: Can't find the following HF parameters in hf_keys: ['model.layers.29.mlp.experts.162.gate_proj.weight', 'model.layers.29.mlp.experts.162.up_proj.weight'][32m [repeated 35483x across cluster][0m
INFO:     127.0.0.1:37236 - "POST /api/v1/retrieve_future HTTP/1.1" 408 Request Timeout
[36m(MegatronRankWorker pid=184479, ip=192.168.32.82)[0m WARNING:2025-12-22 16:44:50,673:WARNING: Can't find model.layers.36.mlp.experts.96.down_proj.weight in hf_keys[32m [repeated 35494x across cluster][0m
[36m(MegatronRankWorker pid=189137, ip=192.168.32.81)[0m WARNING:2025-12-22 16:44:52,917:WARNING: 
[36m(MegatronRankWorker pid=181108, ip=192.168.32.79)[0m WARNING:2025-12-22 16:44:55,453:WARNING: Can't find the following HF parameters in hf_keys: ['model.layers.44.mlp.experts.148.gate_proj.weight', 'model.layers.44.mlp.experts.148.up_proj.weight'][32m [repeated 34776x across cluster][0m
[36m(MegatronRankWorker pid=178236, ip=192.168.32.77)[0m WARNING:2025-12-22 16:44:55,674:WARNING: Can't find model.layers.48.mlp.experts.371.down_proj.weight in hf_keys[32m [repeated 34817x across cluster][0m
[36m(MegatronRankWorker pid=181109, ip=192.168.32.79)[0m WARNING:2025-12-22 16:45:00,453:WARNING: Can't find the following HF parameters in hf_keys: ['model.layers.59.mlp.experts.155.gate_proj.weight', 'model.layers.59.mlp.experts.155.up_proj.weight'][32m [repeated 33869x across cluster][0m
[36m(MegatronRankWorker pid=192843, ip=192.168.32.76)[0m WARNING:2025-12-22 16:45:00,673:WARNING: Can't find model.layers.56.mlp.experts.264.down_proj.weight in hf_keys[32m [repeated 33988x across cluster][0m
[36m(MegatronRankWorker pid=179989, ip=192.168.32.83)[0m WARNING:2025-12-22 16:45:05,361:WARNING: Can't find the following HF parameters in hf_keys: ['model.layers.56.mlp.experts.143.gate_proj.weight', 'model.layers.56.mlp.experts.143.up_proj.weight'][32m [repeated 14189x across cluster][0m
[36m(MegatronRankWorker pid=212866, ip=192.168.32.75)[0m WARNING:2025-12-22 16:45:05,675:WARNING: Can't find model.layers.54.mlp.experts.70.down_proj.weight in hf_keys[32m [repeated 14004x across cluster][0m
INFO:     127.0.0.1:55362 - "POST /api/v1/retrieve_future HTTP/1.1" 408 Request Timeout
[36m(MegatronRankWorker pid=192843, ip=192.168.32.76)[0m 
[36m(MegatronRankWorker pid=179986, ip=192.168.32.83)[0m  > number of parameters on (tensor, pipeline) model parallel rank (0, 0): 18287021056[32m [repeated 7x across cluster][0m
[36m(MegatronRankWorker pid=187185, ip=192.168.32.80)[0m module: 1[32m [repeated 63x across cluster][0m
[36m(MegatronRankWorker pid=192844, ip=192.168.32.76)[0m 
[36m(MegatronRankWorker pid=192841, ip=192.168.32.76)[0m 
[36m(MegatronRankWorker pid=192842, ip=192.168.32.76)[0m 
[36m(MegatronRankWorker pid=192838, ip=192.168.32.76)[0m 
[36m(MegatronRankWorker pid=192840, ip=192.168.32.76)[0m 
[36m(MegatronRankWorker pid=192837, ip=192.168.32.76)[0m 
[36m(MegatronRankWorker pid=192839, ip=192.168.32.76)[0m 
[36m(MegatronRankWorker pid=179986, ip=192.168.32.83)[0m Loading from /vePFS-Mindverse/share/huggingface/hub/models--moonshotai… … DeepS…
[36m(MegatronRankWorker pid=179986, ip=192.168.32.83)[0m DistributedDataParallel contains 18.29B parameters
[36m(MegatronRankWorker pid=179986, ip=192.168.32.83)[0m optimizer config after override: {'optimizer': 'adam', 'lr': 0.0001, 'min_lr': 0.0, 'clip_grad': 1.0, 'weight_decay': 0.01, 'use_distributed_optimizer': True, 'bf16': True, 'params_dtype': torch.bfloat16}
[36m(MegatronRankWorker pid=184478, ip=192.168.32.82)[0m 
[36m(MegatronRankWorker pid=184477, ip=192.168.32.82)[0m 
[36m(MegatronRankWorker pid=184474, ip=192.168.32.82)[0m 
[36m(MegatronRankWorker pid=184475, ip=192.168.32.82)[0m 
[36m(MegatronRankWorker pid=184476, ip=192.168.32.82)[0m 
[36m(MegatronRankWorker pid=184473, ip=192.168.32.82)[0m 
[36m(MegatronRankWorker pid=184472, ip=192.168.32.82)[0m 
[36m(MegatronRankWorker pid=178240, ip=192.168.32.77)[0m 
[36m(MegatronRankWorker pid=178237, ip=192.168.32.77)[0m 
[36m(MegatronRankWorker pid=178241, ip=192.168.32.77)[0m 
[36m(MegatronRankWorker pid=178242, ip=192.168.32.77)[0m 
[36m(MegatronRankWorker pid=178238, ip=192.168.32.77)[0m 
[36m(MegatronRankWorker pid=178243, ip=192.168.32.77)[0m 
[36m(MegatronRankWorker pid=178236, ip=192.168.32.77)[0m 
[36m(MegatronRankWorker pid=178239, ip=192.168.32.77)[0m 
[36m(MegatronRankWorker pid=179988, ip=192.168.32.83)[0m 
[36m(MegatronRankWorker pid=179987, ip=192.168.32.83)[0m 
[36m(MegatronRankWorker pid=179989, ip=192.168.32.83)[0m 
[36m(MegatronRankWorker pid=179990, ip=192.168.32.83)[0m 
[36m(MegatronRankWorker pid=179985, ip=192.168.32.83)[0m 
[36m(MegatronRankWorker pid=179984, ip=192.168.32.83)[0m 
[36m(MegatronRankWorker pid=179991, ip=192.168.32.83)[0m 
[36m(MegatronRankWorker pid=184479, ip=192.168.32.82)[0m 
[36m(MegatronRankWorker pid=181103, ip=192.168.32.79)[0m 
[36m(MegatronRankWorker pid=181108, ip=192.168.32.79)[0m 
[36m(MegatronRankWorker pid=181105, ip=192.168.32.79)[0m 
[36m(MegatronRankWorker pid=181110, ip=192.168.32.79)[0m 
[36m(MegatronRankWorker pid=181106, ip=192.168.32.79)[0m 
[36m(MegatronRankWorker pid=181109, ip=192.168.32.79)[0m 
[36m(MegatronRankWorker pid=181107, ip=192.168.32.79)[0m 
[36m(MegatronRankWorker pid=181104, ip=192.168.32.79)[0m 
[36m(MegatronRankWorker pid=189134, ip=192.168.32.81)[0m 
[36m(MegatronRankWorker pid=189140, ip=192.168.32.81)[0m 
[36m(MegatronRankWorker pid=189133, ip=192.168.32.81)[0m 
[36m(MegatronRankWorker pid=189136, ip=192.168.32.81)[0m 
[36m(MegatronRankWorker pid=189135, ip=192.168.32.81)[0m 
[36m(MegatronRankWorker pid=189139, ip=192.168.32.81)[0m 
[36m(MegatronRankWorker pid=189137, ip=192.168.32.81)[0m 
[36m(MegatronRankWorker pid=187183, ip=192.168.32.80)[0m 
INFO:     127.0.0.1:43022 - "POST /api/v1/retrieve_future HTTP/1.1" 408 Request Timeout
[36m(MegatronRankWorker pid=178236, ip=192.168.32.77)[0m /vePFS-Mindverse/share/code/verl/verl/utils/megatron_utils.py:416: UserWarning: TypedStorage is deprecated. It will be removed in the future and UntypedStorage will be the only storage class. This should only matter to you if you are using storages directly.  To access UntypedStorage directly, use tensor.untyped_storage() instead of tensor.storage()
[36m(MegatronRankWorker pid=178236, ip=192.168.32.77)[0m   if buffer.param_data is not None and buffer.param_data.storage().size() > 0:
[36m(MegatronRankWorker pid=212866, ip=192.168.32.75)[0m WARNING:2025-12-22 16:45:07,710:WARNING: Can't find the following HF parameters in hf_keys: ['model.layers.60.mlp.experts.95.gate_proj.weight', 'model.layers.60.mlp.experts.95.up_proj.weight'][32m [repeated 843x across cluster][0m
[36m(MegatronRankWorker pid=212866, ip=192.168.32.75)[0m WARNING:2025-12-22 16:45:07,818:WARNING: Can't find model.layers.60.mlp.experts.95.down_proj.weight in hf_keys[32m [repeated 793x across cluster][0m
[36m(MegatronRankWorker pid=187188, ip=192.168.32.80)[0m 
[36m(MegatronRankWorker pid=187184, ip=192.168.32.80)[0m 
[36m(MegatronRankWorker pid=187187, ip=192.168.32.80)[0m 
[36m(MegatronRankWorker pid=187185, ip=192.168.32.80)[0m 
[36m(MegatronRankWorker pid=187189, ip=192.168.32.80)[0m 
[36m(MegatronRankWorker pid=187190, ip=192.168.32.80)[0m 
[36m(MegatronRankWorker pid=187186, ip=192.168.32.80)[0m 
[36m(MegatronRankWorker pid=189138, ip=192.168.32.81)[0m 
[36m(MegatronRankWorker pid=212861, ip=192.168.32.75)[0m 
[36m(MegatronRankWorker pid=212864, ip=192.168.32.75)[0m 
[36m(MegatronRankWorker pid=212863, ip=192.168.32.75)[0m 
[36m(MegatronRankWorker pid=212860, ip=192.168.32.75)[0m 
[36m(MegatronRankWorker pid=212865, ip=192.168.32.75)[0m 
[36m(MegatronRankWorker pid=212862, ip=192.168.32.75)[0m 
[36m(MegatronRankWorker pid=212867, ip=192.168.32.75)[0m 
[36m(MegatronRankWorker pid=212866, ip=192.168.32.75)[0m 
INFO:     127.0.0.1:50910 - "POST /api/v1/retrieve_future HTTP/1.1" 200 OK
INFO:     127.0.0.1:36832 - "POST /api/v1/train_step HTTP/1.1" 422 Unprocessable Entity
INFO:     127.0.0.1:48010 - "POST /api/v1/train_step HTTP/1.1" 422 Unprocessable Entity
INFO:     127.0.0.1:33694 - "POST /api/v1/train_step HTTP/1.1" 200 OK
[36m(MegatronRankWorker pid=181106, ip=192.168.32.79)[0m /workspace/Megatron-LM/megatron/core/tensor_parallel/layers.py:730: UserWarning: When using async grad allreduce it is recommended to set the environment variable CUDA_DEVICE_MAX_CONNECTIONS to 1 for maximum speedup
[36m(MegatronRankWorker pid=181106, ip=192.168.32.79)[0m   warnings.warn(
[36m(MegatronRankWorker pid=192837, ip=192.168.32.76)[0m /vePFS-Mindverse/share/code/verl/verl/utils/megatron_utils.py:416: UserWarning: TypedStorage is deprecated. It will be removed in the future and UntypedStorage will be the only storage class. This should only matter to you if you are using storages directly.  To access UntypedStorage directly, use tensor.untyped_storage() instead of tensor.storage()[32m [repeated 63x across cluster][0m
[36m(MegatronRankWorker pid=192837, ip=192.168.32.76)[0m   if buffer.param_data is not None and buffer.param_data.storage().size() > 0:[32m [repeated 63x across cluster][0m
[36m(MegatronRankWorker pid=181103, ip=192.168.32.79)[0m [MLA DEBUG] thd_format=True, qkv_format=thd, q_dim=192, v_dim=128
[36m(MegatronRankWorker pid=181103, ip=192.168.32.79)[0m [MLA DEBUG] PADDED value from 128 to 192
[36m(MegatronRankWorker pid=181103, ip=192.168.32.79)[0m [MLA DEBUG] BEFORE core_attention: query=torch.Size([16, 8, 192]), key=torch.Size([16, 8, 192]), value=torch.Size([16, 8, 192])
[36m(MegatronRankWorker pid=181103, ip=192.168.32.79)[0m [MLA DEBUG] core_attention.hidden_size_per_attention_head_v = 192
[36m(MegatronRankWorker pid=178240, ip=192.168.32.77)[0m [MLA DEBUG] thd_format=True, qkv_format=thd, q_dim=192, v_dim=128[32m [repeated 128x across cluster][0m
[36m(MegatronRankWorker pid=178240, ip=192.168.32.77)[0m [MLA DEBUG] PADDED value from 128 to 192[32m [repeated 128x across cluster][0m
[36m(MegatronRankWorker pid=178240, ip=192.168.32.77)[0m [MLA DEBUG] BEFORE core_attention: query=torch.Size([16, 8, 192]), key=torch.Size([16, 8, 192]), value=torch.Size([16, 8, 192])[32m [repeated 128x across cluster][0m
[36m(MegatronRankWorker pid=178240, ip=192.168.32.77)[0m [MLA DEBUG] core_attention.hidden_size_per_attention_head_v = 192[32m [repeated 128x across cluster][0m
[36m(MegatronRankWorker pid=192844, ip=192.168.32.76)[0m 
INFO:     127.0.0.1:43748 - "POST /api/v1/retrieve_future HTTP/1.1" 408 Request Timeout
[36m(MegatronRankWorker pid=187189, ip=192.168.32.80)[0m 
INFO:     127.0.0.1:44638 - "POST /api/v1/retrieve_future HTTP/1.1" 408 Request Timeout
INFO:     127.0.0.1:48436 - "POST /api/v1/retrieve_future HTTP/1.1" 200 OK
INFO:     127.0.0.1:48510 - "POST /api/v1/save_weights_for_sampler HTTP/1.1" 200 OK
INFO:     127.0.0.1:51114 - "POST /api/v1/retrieve_future HTTP/1.1" 408 Request Timeout
[36m(MultiNodeVLLMEngine pid=218511, ip=192.168.32.75)[0m W1222 16:53:23.899000 218511 torch/utils/cpp_extension.py:117] No CUDA runtime is found, using CUDA_HOME='/usr/local/cuda'
[36m(MegatronRankWorker pid=187188, ip=192.168.32.80)[0m /workspace/Megatron-LM/megatron/core/tensor_parallel/layers.py:730: UserWarning: When using async grad allreduce it is recommended to set the environment variable CUDA_DEVICE_MAX_CONNECTIONS to 1 for maximum speedup[32m [repeated 63x across cluster][0m
[36m(MegatronRankWorker pid=187188, ip=192.168.32.80)[0m   warnings.warn([32m [repeated 63x across cluster][0m
[36m(MultiNodeVLLMEngine pid=218511, ip=192.168.32.75)[0m [2025-12-22 16:53:25] INFO multinode_inference.py:179: Creating AsyncLLMEngine: TP=16, backend=ray, enable_lora=True
[36m(MultiNodeVLLMEngine pid=218511, ip=192.168.32.75)[0m The argument `trust_remote_code` is to be used with Auto classes. It has no effect here and is ignored.
[36m(MultiNodeVLLMEngine pid=218511, ip=192.168.32.75)[0m You are using a model of type kimi_k2 to instantiate a model of type deepseek_v3. This is not supported for all configurations of models and can yield errors.
[36m(MultiNodeVLLMEngine pid=218511, ip=192.168.32.75)[0m [2025-12-22 16:53:26] INFO tokenization_kimi.py:119: Reloaded tiktoken model from /vePFS-Mindverse/share/huggingface/hub/models--moonshotai--Kimi-K2-Thinking/snapshots/612681931a8c906ddb349f8ad0f582cb552189cd/tiktoken.model
[36m(MultiNodeVLLMEngine pid=218511, ip=192.168.32.75)[0m [2025-12-22 16:53:26] INFO tokenization_kimi.py:125: #words: 163840 - BOS ID: 163584 - EOS ID: 163585
[36m(MultiNodeVLLMEngine pid=218511, ip=192.168.32.75)[0m W1222 16:53:33.297000 218695 torch/utils/cpp_extension.py:117] No CUDA runtime is found, using CUDA_HOME='/usr/local/cuda'
[36m(MultiNodeVLLMEngine pid=218511, ip=192.168.32.75)[0m [0;36m(EngineCore_DP0 pid=218695)[0;0m 2025-12-22 16:53:34,955	INFO worker.py:1691 -- Using address 192.168.32.66:6379 set in the environment variable RAY_ADDRESS
[36m(MultiNodeVLLMEngine pid=218511, ip=192.168.32.75)[0m [0;36m(EngineCore_DP0 pid=218695)[0;0m 2025-12-22 16:53:34,960	INFO worker.py:1832 -- Connecting to existing Ray cluster at address: 192.168.32.66:6379...
[36m(MultiNodeVLLMEngine pid=218511, ip=192.168.32.75)[0m [0;36m(EngineCore_DP0 pid=218695)[0;0m 2025-12-22 16:53:34,970	INFO worker.py:2003 -- Connected to Ray cluster. View the dashboard at [1m[32m192.168.32.66:8265 [39m[22m
[36m(MultiNodeVLLMEngine pid=218511, ip=192.168.32.75)[0m [0;36m(EngineCore_DP0 pid=218695)[0;0m /usr/local/lib/python3.10/dist-packages/ray/_private/worker.py:2051: FutureWarning: Tip: In future versions of Ray, Ray will no longer override accelerator visible devices env var if num_gpus=0 or num_gpus=None (default). To enable this behavior and turn off this error message, set RAY_ACCEL_ENV_VAR_OVERRIDE_ON_ZERO=0
[36m(MultiNodeVLLMEngine pid=218511, ip=192.168.32.75)[0m [0;36m(EngineCore_DP0 pid=218695)[0;0m   warnings.warn(
[36m(MultiNodeVLLMEngine pid=218511, ip=192.168.32.75)[0m INFO 12-22 16:53:25 [config.py:373] Replacing legacy 'type' key with 'rope_type'
[36m(MultiNodeVLLMEngine pid=218511, ip=192.168.32.75)[0m INFO 12-22 16:53:25 [model.py:514] Resolved architecture: DeepseekV3ForCausalLM
[36m(MultiNodeVLLMEngine pid=218511, ip=192.168.32.75)[0m INFO 12-22 16:53:25 [model.py:1661] Using max model len 131072
[36m(MegatronRankWorker pid=192837, ip=192.168.32.76)[0m [MLA DEBUG] thd_format=True, qkv_format=thd, q_dim=192, v_dim=128[32m [repeated 3775x across cluster][0m
[36m(MegatronRankWorker pid=192837, ip=192.168.32.76)[0m [MLA DEBUG] PADDED value from 128 to 192[32m [repeated 3775x across cluster][0m
[36m(MegatronRankWorker pid=192837, ip=192.168.32.76)[0m [MLA DEBUG] BEFORE core_attention: query=torch.Size([16, 8, 192]), key=torch.Size([16, 8, 192]), value=torch.Size([16, 8, 192])[32m [repeated 3775x across cluster][0m
[36m(MegatronRankWorker pid=192837, ip=192.168.32.76)[0m [MLA DEBUG] core_attention.hidden_size_per_attention_head_v = 192[32m [repeated 3775x across cluster][0m
[36m(MultiNodeVLLMEngine pid=218511, ip=192.168.32.75)[0m INFO 12-22 16:53:25 [arg_utils.py:1399] Using ray runtime env (env vars redacted): {'env_vars': {'HF_HOME': '***', 'HF_HUB_OFFLINE': '***', 'PYTHONPATH': '***'}}
[36m(MultiNodeVLLMEngine pid=218511, ip=192.168.32.75)[0m INFO 12-22 16:53:25 [scheduler.py:230] Chunked prefill is enabled with max_num_batched_tokens=8192.
[36m(MultiNodeVLLMEngine pid=218511, ip=192.168.32.75)[0m WARNING 12-22 16:53:26 [registry.py:204] Using a slow tokenizer. This might cause a significant slowdown. Consider using a fast tokenizer instead.
[36m(MultiNodeVLLMEngine pid=218511, ip=192.168.32.75)[0m WARNING 12-22 16:53:26 [system_utils.py:136] We must use the `spawn` multiprocessing start method. Overriding VLLM_WORKER_MULTIPROC_METHOD to 'spawn'. See https://docs.vllm.ai/en/latest/usage/troubleshooting.html#python-multiprocessing for more information. Reasons: In a Ray actor and can only be spawned
[36m(MultiNodeVLLMEngine pid=218511, ip=192.168.32.75)[0m [0;36m(EngineCore_DP0 pid=218695)[0;0m INFO 12-22 16:53:34 [core.py:93] Initializing a V1 LLM engine (v0.13.0rc2.dev207+g811cdf519) with config: model='/vePFS-Mindverse/share/huggingface/hub/models--moonshotai--Kimi-K2-Thinking/snapshots/612681931a8c906ddb349f8ad0f582cb552189cd', speculative_config=None, tokenizer='/vePFS-Mindverse/share/huggingface/hub/models--moonshotai--Kimi-K2-Thinking/snapshots/612681931a8c906ddb349f8ad0f582cb552189cd', skip_tokenizer_init=False, tokenizer_mode=auto, revision=None, tokenizer_revision=None, trust_remote_code=True, dtype=torch.bfloat16, max_seq_len=131072, download_dir=None, load_format=auto, tensor_parallel_size=16, pipeline_parallel_size=1, data_parallel_size=1, disable_custom_all_reduce=False, quantization=compressed-tensors, enforce_eager=False, kv_cache_dtype=auto, device_config=cuda, structured_outputs_config=StructuredOutputsConfig(backend='auto', disable_fallback=False, disable_any_whitespace=False, disable_additional_properties=False, reasoning_parser='', reasoning_parser_plugin='', enable_in_reasoning=False), observability_config=ObservabilityConfig(show_hidden_metrics_for_version=None, otlp_traces_endpoint=None, collect_detailed_traces=None, kv_cache_metrics=False, kv_cache_metrics_sample=0.01, cudagraph_metrics=False, enable_layerwise_nvtx_tracing=False), seed=0, served_model_name=/vePFS-Mindverse/share/huggingface/hub/models--moonshotai--Kimi-K2-Thinking/snapshots/612681931a8c906ddb349f8ad0f582cb552189cd, enable_prefix_caching=True, enable_chunked_prefill=True, pooler_config=None, compilation_config={'level': None, 'mode': <CompilationMode.VLLM_COMPILE: 3>, 'debug_dump_path': None, 'cache_dir': '', 'compile_cache_save_format': 'binary', 'backend': 'inductor', 'custom_ops': ['none'], 'splitting_ops': ['vllm::unified_attention', 'vllm::unified_attention_with_output', 'vllm::unified_mla_attention', 'vllm::unified_mla_attention_with_output', 'vllm::mamba_mixer2', 'vllm::mamba_mixer', 'vllm::short_conv', 'vllm::linear_attention', 'vllm::plamo2_mamba_mixer', 'vllm::gdn_attention_core', 'vllm::kda_attention', 'vllm::sparse_attn_indexer'], 'compile_mm_encoder': False, 'compile_sizes': [], 'compile_ranges_split_points': [8192], 'inductor_compile_config': {'enable_auto_functionalized_v2': False, 'combo_kernels': True, 'benchmark_combo_kernel': True}, 'inductor_passes': {}, 'cudagraph_mode': <CUDAGraphMode.FULL_AND_PIECEWISE: (2, 1)>, 'cudagraph_num_of_warmups': 1, 'cudagraph_capture_sizes': [1, 2, 4, 8, 16, 24, 32, 40, 48, 56, 64, 72, 80, 88, 96, 104, 112, 120, 128, 136, 144, 152, 160, 168, 176, 184, 192, 200, 208, 216, 224, 232, 240, 248, 256, 272, 288, 304, 320, 336, 352, 368, 384, 400, 416, 432, 448, 464, 480, 496, 512], 'cudagraph_copy_inputs': False, 'cudagraph_specialize_lora': True, 'use_inductor_graph_partition': False, 'pass_config': {'fuse_norm_quant': False, 'fuse_act_quant': False, 'fuse_attn_quant': False, 'eliminate_noops': True, 'enable_sp': False, 'fuse_gemm_comms': False, 'fuse_allreduce_rms': False}, 'max_cudagraph_capture_size': 512, 'dynamic_shapes_config': {'type': <DynamicShapesType.BACKED: 'backed'>, 'evaluate_guards': False}, 'local_cache_dir': None}
[36m(MultiNodeVLLMEngine pid=218511, ip=192.168.32.75)[0m [0;36m(EngineCore_DP0 pid=218695)[0;0m WARNING 12-22 16:53:34 [ray_utils.py:331] Tensor parallel size (16) exceeds available GPUs (0). This may result in Ray placement group allocation failures. Consider reducing tensor_parallel_size to 0 or less, or ensure your Ray cluster has 16 GPUs available.
[36m(MultiNodeVLLMEngine pid=218511, ip=192.168.32.75)[0m [0;36m(EngineCore_DP0 pid=218695)[0;0m INFO 12-22 16:53:34 [ray_utils.py:396] No current placement group found. Creating a new placement group.
INFO:     127.0.0.1:42594 - "POST /api/v1/asample HTTP/1.1" 422 Unprocessable Entity
[36m(MultiNodeVLLMEngine pid=218511, ip=192.168.32.75)[0m [0;36m(EngineCore_DP0 pid=218695)[0;0m [36m(RayWorkerWrapper pid=218941)[0m Loading safetensors checkpoint shards:   0% Completed | 0/62 [00:00<?, ?it/s]
[36m(MultiNodeVLLMEngine pid=218511, ip=192.168.32.75)[0m [0;36m(EngineCore_DP0 pid=218695)[0;0m [36m(RayWorkerWrapper pid=218941)[0m Loading safetensors checkpoint shards:   2% Completed | 1/62 [00:11<11:31, 11.34s/it]
[36m(MultiNodeVLLMEngine pid=218511, ip=192.168.32.75)[0m [0;36m(EngineCore_DP0 pid=218695)[0;0m [36m(RayWorkerWrapper pid=218941)[0m Loading safetensors checkpoint shards:   3% Completed | 2/62 [00:22<11:20, 11.35s/it]
[36m(MultiNodeVLLMEngine pid=218511, ip=192.168.32.75)[0m [0;36m(EngineCore_DP0 pid=218695)[0;0m [36m(RayWorkerWrapper pid=218941)[0m Loading safetensors checkpoint shards:   5% Completed | 3/62 [00:33<11:00, 11.19s/it]
[36m(MultiNodeVLLMEngine pid=218511, ip=192.168.32.75)[0m [0;36m(EngineCore_DP0 pid=218695)[0;0m [36m(RayWorkerWrapper pid=218941)[0m Loading safetensors checkpoint shards:   6% Completed | 4/62 [00:44<10:41, 11.07s/it]
[36m(MultiNodeVLLMEngine pid=218511, ip=192.168.32.75)[0m [0;36m(EngineCore_DP0 pid=218695)[0;0m [36m(RayWorkerWrapper pid=218941)[0m Loading safetensors checkpoint shards:   8% Completed | 5/62 [00:55<10:18, 10.86s/it]
[36m(MultiNodeVLLMEngine pid=218511, ip=192.168.32.75)[0m [0;36m(EngineCore_DP0 pid=218695)[0;0m WARNING 12-22 16:53:36 [ray_utils.py:207] tensor_parallel_size=16 is bigger than a reserved number of GPUs (8 GPUs) in a node b65e41b86aa3f6532188d46c1147678096b34d000754c738090ffa4a. Tensor parallel workers can be spread out to 2+ nodes which can degrade the performance unless you have fast interconnect across nodes, like Infiniband. To resolve this issue, make sure you have more than 16 GPUs available at each node.
[36m(MultiNodeVLLMEngine pid=218511, ip=192.168.32.75)[0m [0;36m(EngineCore_DP0 pid=218695)[0;0m WARNING 12-22 16:53:36 [ray_utils.py:207] tensor_parallel_size=16 is bigger than a reserved number of GPUs (8 GPUs) in a node cc9d83eb989a7e94b7cc10f8c015263438d634bfca392537c29cecaa. Tensor parallel workers can be spread out to 2+ nodes which can degrade the performance unless you have fast interconnect across nodes, like Infiniband. To resolve this issue, make sure you have more than 16 GPUs available at each node.
[36m(MultiNodeVLLMEngine pid=218511, ip=192.168.32.75)[0m [0;36m(EngineCore_DP0 pid=218695)[0;0m INFO 12-22 16:53:45 [ray_env.py:66] RAY_NON_CARRY_OVER_ENV_VARS from config: set()
[36m(MultiNodeVLLMEngine pid=218511, ip=192.168.32.75)[0m [0;36m(EngineCore_DP0 pid=218695)[0;0m INFO 12-22 16:53:45 [ray_env.py:69] Copying the following environment variables to workers: ['VLLM_WORKER_MULTIPROC_METHOD', 'CUDA_HOME', 'LD_LIBRARY_PATH']
[36m(MultiNodeVLLMEngine pid=218511, ip=192.168.32.75)[0m [0;36m(EngineCore_DP0 pid=218695)[0;0m INFO 12-22 16:53:45 [ray_env.py:74] If certain env vars should NOT be copied, add them to /root/.config/vllm/ray_non_carry_over_env_vars.json file
INFO:     127.0.0.1:58754 - "POST /api/v1/asample HTTP/1.1" 200 OK
ERROR:2025-12-22 16:54:55,696:Request f2ac5d28-d893-498c-abee-d36040af98ca failed: No engine found for session rl_loop_test_k2_1
Traceback (most recent call last):
  File "/vePFS-Mindverse/share/code/tinker-server/tinker_server/routes/sampling.py", line 90, in _do_sample
    raise RuntimeError(
RuntimeError: No engine found for session rl_loop_test_k2_1
[36m(MultiNodeVLLMEngine pid=218511, ip=192.168.32.75)[0m [0;36m(EngineCore_DP0 pid=218695)[0;0m [36m(RayWorkerWrapper pid=218941)[0m Loading safetensors checkpoint shards:  10% Completed | 6/62 [01:05<10:07, 10.85s/it]
[36m(MultiNodeVLLMEngine pid=218511, ip=192.168.32.75)[0m [0;36m(EngineCore_DP0 pid=218695)[0;0m [36m(RayWorkerWrapper pid=218941)[0m Loading safetensors checkpoint shards:  11% Completed | 7/62 [01:16<09:56, 10.84s/it]
INFO:     127.0.0.1:33748 - "POST /api/v1/retrieve_future HTTP/1.1" 200 OK
[36m(MultiNodeVLLMEngine pid=218511, ip=192.168.32.75)[0m [0;36m(EngineCore_DP0 pid=218695)[0;0m [36m(RayWorkerWrapper pid=218941)[0m Loading safetensors checkpoint shards:  13% Completed | 8/62 [01:27<09:47, 10.89s/it]
[36m(MultiNodeVLLMEngine pid=218511, ip=192.168.32.75)[0m [0;36m(EngineCore_DP0 pid=218695)[0;0m [36m(RayWorkerWrapper pid=218941)[0m Loading safetensors checkpoint shards:  15% Completed | 9/62 [01:27<06:39,  7.53s/it]
INFO:     127.0.0.1:42736 - "POST /api/v1/retrieve_future HTTP/1.1" 200 OK
[36m(MultiNodeVLLMEngine pid=218511, ip=192.168.32.75)[0m [0;36m(EngineCore_DP0 pid=218695)[0;0m [36m(RayWorkerWrapper pid=218941)[0m Loading safetensors checkpoint shards:  16% Completed | 10/62 [01:38<07:28,  8.63s/it]
[36m(MultiNodeVLLMEngine pid=218511, ip=192.168.32.75)[0m [0;36m(EngineCore_DP0 pid=218695)[0;0m [36m(RayWorkerWrapper pid=218941)[0m Loading safetensors checkpoint shards:  18% Completed | 11/62 [01:39<05:08,  6.05s/it]
INFO:     127.0.0.1:45922 - "POST /api/v1/retrieve_future HTTP/1.1" 200 OK
INFO:     127.0.0.1:42430 - "POST /api/v1/retrieve_future HTTP/1.1" 200 OK
[36m(MultiNodeVLLMEngine pid=218511, ip=192.168.32.75)[0m [0;36m(EngineCore_DP0 pid=218695)[0;0m [36m(RayWorkerWrapper pid=218941)[0m Loading safetensors checkpoint shards:  19% Completed | 12/62 [01:50<06:18,  7.57s/it]
INFO:     127.0.0.1:57930 - "POST /api/v1/retrieve_future HTTP/1.1" 200 OK
[36m(MultiNodeVLLMEngine pid=218511, ip=192.168.32.75)[0m [0;36m(EngineCore_DP0 pid=218695)[0;0m [36m(RayWorkerWrapper pid=218941)[0m Loading safetensors checkpoint shards:  21% Completed | 13/62 [02:01<07:02,  8.63s/it]
INFO:     127.0.0.1:57966 - "POST /api/v1/retrieve_future HTTP/1.1" 200 OK
[36m(MultiNodeVLLMEngine pid=218511, ip=192.168.32.75)[0m [0;36m(EngineCore_DP0 pid=218695)[0;0m [36m(RayWorkerWrapper pid=218941)[0m Loading safetensors checkpoint shards:  23% Completed | 14/62 [02:12<07:29,  9.36s/it]
INFO:     127.0.0.1:59198 - "POST /api/v1/retrieve_future HTTP/1.1" 200 OK
[36m(MultiNodeVLLMEngine pid=218511, ip=192.168.32.75)[0m [0;36m(EngineCore_DP0 pid=218695)[0;0m [36m(RayWorkerWrapper pid=218941)[0m Loading safetensors checkpoint shards:  24% Completed | 15/62 [02:23<07:41,  9.81s/it]
INFO:     127.0.0.1:50028 - "POST /api/v1/retrieve_future HTTP/1.1" 200 OK
[36m(MultiNodeVLLMEngine pid=218511, ip=192.168.32.75)[0m [0;36m(EngineCore_DP0 pid=218695)[0;0m [36m(RayWorkerWrapper pid=218941)[0m Loading safetensors checkpoint shards:  26% Completed | 16/62 [02:34<07:45, 10.12s/it]
INFO:     127.0.0.1:46414 - "POST /api/v1/retrieve_future HTTP/1.1" 200 OK
[36m(MultiNodeVLLMEngine pid=218511, ip=192.168.32.75)[0m [0;36m(EngineCore_DP0 pid=218695)[0;0m [36m(RayWorkerWrapper pid=218941)[0m Loading safetensors checkpoint shards:  27% Completed | 17/62 [02:44<07:44, 10.33s/it]
INFO:     127.0.0.1:41352 - "POST /api/v1/retrieve_future HTTP/1.1" 200 OK
[36m(MultiNodeVLLMEngine pid=218511, ip=192.168.32.75)[0m [0;36m(EngineCore_DP0 pid=218695)[0;0m [36m(RayWorkerWrapper pid=218941)[0m Loading safetensors checkpoint shards:  29% Completed | 18/62 [02:55<07:40, 10.46s/it]
INFO:     127.0.0.1:58416 - "POST /api/v1/retrieve_future HTTP/1.1" 200 OK
[36m(MultiNodeVLLMEngine pid=218511, ip=192.168.32.75)[0m [0;36m(EngineCore_DP0 pid=218695)[0;0m [36m(RayWorkerWrapper pid=218941)[0m Loading safetensors checkpoint shards:  31% Completed | 19/62 [03:06<07:32, 10.52s/it]
INFO:     127.0.0.1:46472 - "POST /api/v1/retrieve_future HTTP/1.1" 200 OK
[36m(MultiNodeVLLMEngine pid=218511, ip=192.168.32.75)[0m [0;36m(EngineCore_DP0 pid=218695)[0;0m [36m(RayWorkerWrapper pid=218941)[0m Loading safetensors checkpoint shards:  32% Completed | 20/62 [03:17<07:25, 10.61s/it]
INFO:     127.0.0.1:36576 - "POST /api/v1/retrieve_future HTTP/1.1" 200 OK
[36m(MultiNodeVLLMEngine pid=218511, ip=192.168.32.75)[0m [0;36m(EngineCore_DP0 pid=218695)[0;0m [36m(RayWorkerWrapper pid=218941)[0m Loading safetensors checkpoint shards:  34% Completed | 21/62 [03:28<07:21, 10.77s/it]
INFO:     127.0.0.1:49810 - "POST /api/v1/retrieve_future HTTP/1.1" 200 OK
[36m(MultiNodeVLLMEngine pid=218511, ip=192.168.32.75)[0m [0;36m(EngineCore_DP0 pid=218695)[0;0m [36m(RayWorkerWrapper pid=218941)[0m Loading safetensors checkpoint shards:  35% Completed | 22/62 [03:38<07:10, 10.77s/it]
INFO:     127.0.0.1:50612 - "POST /api/v1/retrieve_future HTTP/1.1" 200 OK
[36m(MultiNodeVLLMEngine pid=218511, ip=192.168.32.75)[0m [0;36m(EngineCore_DP0 pid=218695)[0;0m [36m(RayWorkerWrapper pid=218941)[0m Loading safetensors checkpoint shards:  37% Completed | 23/62 [03:49<07:01, 10.80s/it]
INFO:     127.0.0.1:38232 - "POST /api/v1/retrieve_future HTTP/1.1" 200 OK
INFO:     127.0.0.1:51748 - "POST /api/v1/retrieve_future HTTP/1.1" 200 OK
[36m(MultiNodeVLLMEngine pid=218511, ip=192.168.32.75)[0m [0;36m(EngineCore_DP0 pid=218695)[0;0m [36m(RayWorkerWrapper pid=218941)[0m Loading safetensors checkpoint shards:  39% Completed | 24/62 [04:00<06:51, 10.82s/it]
INFO:     127.0.0.1:42382 - "POST /api/v1/retrieve_future HTTP/1.1" 200 OK
[36m(MultiNodeVLLMEngine pid=218511, ip=192.168.32.75)[0m [0;36m(EngineCore_DP0 pid=218695)[0;0m [36m(RayWorkerWrapper pid=218941)[0m Loading safetensors checkpoint shards:  40% Completed | 25/62 [04:11<06:39, 10.79s/it]
INFO:     127.0.0.1:60440 - "POST /api/v1/retrieve_future HTTP/1.1" 200 OK
[36m(MultiNodeVLLMEngine pid=218511, ip=192.168.32.75)[0m [0;36m(EngineCore_DP0 pid=218695)[0;0m [36m(RayWorkerWrapper pid=218941)[0m Loading safetensors checkpoint shards:  42% Completed | 26/62 [04:22<06:29, 10.82s/it]
INFO:     127.0.0.1:36196 - "POST /api/v1/retrieve_future HTTP/1.1" 200 OK
[36m(MultiNodeVLLMEngine pid=218511, ip=192.168.32.75)[0m [0;36m(EngineCore_DP0 pid=218695)[0;0m [36m(RayWorkerWrapper pid=218941)[0m Loading safetensors checkpoint shards:  44% Completed | 27/62 [04:33<06:18, 10.81s/it]
INFO:     127.0.0.1:46086 - "POST /api/v1/retrieve_future HTTP/1.1" 200 OK
[36m(MultiNodeVLLMEngine pid=218511, ip=192.168.32.75)[0m [0;36m(EngineCore_DP0 pid=218695)[0;0m [36m(RayWorkerWrapper pid=218941)[0m Loading safetensors checkpoint shards:  45% Completed | 28/62 [04:43<06:05, 10.75s/it]
INFO:     127.0.0.1:60152 - "POST /api/v1/retrieve_future HTTP/1.1" 200 OK
[36m(MultiNodeVLLMEngine pid=218511, ip=192.168.32.75)[0m [0;36m(EngineCore_DP0 pid=218695)[0;0m [36m(RayWorkerWrapper pid=218941)[0m Loading safetensors checkpoint shards:  47% Completed | 29/62 [04:54<05:55, 10.78s/it]
INFO:     127.0.0.1:56658 - "POST /api/v1/retrieve_future HTTP/1.1" 200 OK
[36m(MultiNodeVLLMEngine pid=218511, ip=192.168.32.75)[0m [0;36m(EngineCore_DP0 pid=218695)[0;0m [36m(RayWorkerWrapper pid=218941)[0m Loading safetensors checkpoint shards:  48% Completed | 30/62 [05:05<05:47, 10.86s/it]
INFO:     127.0.0.1:44744 - "POST /api/v1/retrieve_future HTTP/1.1" 200 OK
[36m(MultiNodeVLLMEngine pid=218511, ip=192.168.32.75)[0m [0;36m(EngineCore_DP0 pid=218695)[0;0m [36m(RayWorkerWrapper pid=218941)[0m Loading safetensors checkpoint shards:  50% Completed | 31/62 [05:16<05:36, 10.86s/it]
INFO:     127.0.0.1:45984 - "POST /api/v1/retrieve_future HTTP/1.1" 200 OK
[36m(MultiNodeVLLMEngine pid=218511, ip=192.168.32.75)[0m [0;36m(EngineCore_DP0 pid=218695)[0;0m [36m(RayWorkerWrapper pid=218941)[0m Loading safetensors checkpoint shards:  52% Completed | 32/62 [05:26<05:22, 10.76s/it]
INFO:     127.0.0.1:56008 - "POST /api/v1/retrieve_future HTTP/1.1" 200 OK
[36m(MultiNodeVLLMEngine pid=218511, ip=192.168.32.75)[0m [0;36m(EngineCore_DP0 pid=218695)[0;0m [36m(RayWorkerWrapper pid=218941)[0m Loading safetensors checkpoint shards:  53% Completed | 33/62 [05:37<05:11, 10.74s/it]
INFO:     127.0.0.1:45940 - "POST /api/v1/retrieve_future HTTP/1.1" 200 OK
[36m(MultiNodeVLLMEngine pid=218511, ip=192.168.32.75)[0m [0;36m(EngineCore_DP0 pid=218695)[0;0m [36m(RayWorkerWrapper pid=218941)[0m Loading safetensors checkpoint shards:  55% Completed | 34/62 [05:48<05:01, 10.76s/it]
INFO:     127.0.0.1:51078 - "POST /api/v1/retrieve_future HTTP/1.1" 200 OK
[36m(MultiNodeVLLMEngine pid=218511, ip=192.168.32.75)[0m [0;36m(EngineCore_DP0 pid=218695)[0;0m [36m(RayWorkerWrapper pid=218941)[0m Loading safetensors checkpoint shards:  56% Completed | 35/62 [05:59<04:49, 10.70s/it]
INFO:     127.0.0.1:59288 - "POST /api/v1/retrieve_future HTTP/1.1" 200 OK
[36m(MultiNodeVLLMEngine pid=218511, ip=192.168.32.75)[0m [0;36m(EngineCore_DP0 pid=218695)[0;0m [36m(RayWorkerWrapper pid=218941)[0m Loading safetensors checkpoint shards:  58% Completed | 36/62 [06:10<04:40, 10.79s/it]
INFO:     127.0.0.1:49490 - "POST /api/v1/retrieve_future HTTP/1.1" 200 OK
[36m(MultiNodeVLLMEngine pid=218511, ip=192.168.32.75)[0m [0;36m(EngineCore_DP0 pid=218695)[0;0m [36m(RayWorkerWrapper pid=218941)[0m Loading safetensors checkpoint shards:  60% Completed | 37/62 [06:20<04:30, 10.80s/it]
[36m(MultiNodeVLLMEngine pid=218511, ip=192.168.32.75)[0m [0;36m(EngineCore_DP0 pid=218695)[0;0m [36m(RayWorkerWrapper pid=218941)[0m Loading safetensors checkpoint shards:  61% Completed | 38/62 [06:31<04:15, 10.64s/it]
[36m(MultiNodeVLLMEngine pid=218511, ip=192.168.32.75)[0m [0;36m(EngineCore_DP0 pid=218695)[0;0m [36m(RayWorkerWrapper pid=218941)[0m Loading safetensors checkpoint shards:  63% Completed | 39/62 [06:41<04:03, 10.58s/it]
[36m(MultiNodeVLLMEngine pid=218511, ip=192.168.32.75)[0m [0;36m(EngineCore_DP0 pid=218695)[0;0m [36m(RayWorkerWrapper pid=218941)[0m Loading safetensors checkpoint shards:  65% Completed | 40/62 [06:52<03:51, 10.54s/it]
[36m(MultiNodeVLLMEngine pid=218511, ip=192.168.32.75)[0m [0;36m(EngineCore_DP0 pid=218695)[0;0m [36m(RayWorkerWrapper pid=218941)[0m Loading safetensors checkpoint shards:  66% Completed | 41/62 [07:02<03:40, 10.52s/it]
[36m(MultiNodeVLLMEngine pid=218511, ip=192.168.32.75)[0m [0;36m(EngineCore_DP0 pid=218695)[0;0m [36m(RayWorkerWrapper pid=218941)[0m Loading safetensors checkpoint shards:  68% Completed | 42/62 [07:12<03:28, 10.42s/it]
[36m(MultiNodeVLLMEngine pid=218511, ip=192.168.32.75)[0m [0;36m(EngineCore_DP0 pid=218695)[0;0m [36m(RayWorkerWrapper pid=218941)[0m Loading safetensors checkpoint shards:  69% Completed | 43/62 [07:22<03:17, 10.38s/it]
[36m(MultiNodeVLLMEngine pid=218511, ip=192.168.32.75)[0m [0;36m(EngineCore_DP0 pid=218695)[0;0m [36m(RayWorkerWrapper pid=218941)[0m Loading safetensors checkpoint shards:  71% Completed | 44/62 [07:33<03:05, 10.32s/it]
[36m(MultiNodeVLLMEngine pid=218511, ip=192.168.32.75)[0m [0;36m(EngineCore_DP0 pid=218695)[0;0m [36m(RayWorkerWrapper pid=218941)[0m Loading safetensors checkpoint shards:  73% Completed | 45/62 [07:43<02:53, 10.21s/it]
[36m(MultiNodeVLLMEngine pid=218511, ip=192.168.32.75)[0m [0;36m(EngineCore_DP0 pid=218695)[0;0m [36m(RayWorkerWrapper pid=218941)[0m Loading safetensors checkpoint shards:  74% Completed | 46/62 [07:53<02:42, 10.16s/it]
[36m(MultiNodeVLLMEngine pid=218511, ip=192.168.32.75)[0m [0;36m(EngineCore_DP0 pid=218695)[0;0m [36m(RayWorkerWrapper pid=218941)[0m Loading safetensors checkpoint shards:  76% Completed | 47/62 [08:03<02:31, 10.09s/it]
[36m(MultiNodeVLLMEngine pid=218511, ip=192.168.32.75)[0m [0;36m(EngineCore_DP0 pid=218695)[0;0m [36m(RayWorkerWrapper pid=218941)[0m Loading safetensors checkpoint shards:  77% Completed | 48/62 [08:12<02:19,  9.99s/it]
[36m(MultiNodeVLLMEngine pid=218511, ip=192.168.32.75)[0m [0;36m(EngineCore_DP0 pid=218695)[0;0m [36m(RayWorkerWrapper pid=218941)[0m Loading safetensors checkpoint shards:  79% Completed | 49/62 [08:22<02:10, 10.03s/it]
[36m(MultiNodeVLLMEngine pid=218511, ip=192.168.32.75)[0m [0;36m(EngineCore_DP0 pid=218695)[0;0m [36m(RayWorkerWrapper pid=218941)[0m Loading safetensors checkpoint shards:  81% Completed | 50/62 [08:32<01:59,  9.99s/it]
[36m(MultiNodeVLLMEngine pid=218511, ip=192.168.32.75)[0m [0;36m(EngineCore_DP0 pid=218695)[0;0m [36m(RayWorkerWrapper pid=218941)[0m Loading safetensors checkpoint shards:  82% Completed | 51/62 [08:42<01:50, 10.02s/it]
[36m(MultiNodeVLLMEngine pid=218511, ip=192.168.32.75)[0m [0;36m(EngineCore_DP0 pid=218695)[0;0m [36m(RayWorkerWrapper pid=218941)[0m Loading safetensors checkpoint shards:  84% Completed | 52/62 [08:53<01:40, 10.06s/it]
[36m(MultiNodeVLLMEngine pid=218511, ip=192.168.32.75)[0m [0;36m(EngineCore_DP0 pid=218695)[0;0m [36m(RayWorkerWrapper pid=218941)[0m Loading safetensors checkpoint shards:  85% Completed | 53/62 [09:03<01:30, 10.08s/it]
INFO:     127.0.0.1:53318 - "POST /api/v1/retrieve_future HTTP/1.1" 408 Request Timeout
[36m(MultiNodeVLLMEngine pid=218511, ip=192.168.32.75)[0m [0;36m(EngineCore_DP0 pid=218695)[0;0m [36m(RayWorkerWrapper pid=218941)[0m Loading safetensors checkpoint shards:  87% Completed | 54/62 [09:13<01:21, 10.13s/it]
[36m(MultiNodeVLLMEngine pid=218511, ip=192.168.32.75)[0m [0;36m(EngineCore_DP0 pid=218695)[0;0m [36m(RayWorkerWrapper pid=218941)[0m Loading safetensors checkpoint shards:  89% Completed | 55/62 [09:23<01:10, 10.04s/it]
[36m(MultiNodeVLLMEngine pid=218511, ip=192.168.32.75)[0m [0;36m(EngineCore_DP0 pid=218695)[0;0m [36m(RayWorkerWrapper pid=218941)[0m Loading safetensors checkpoint shards:  90% Completed | 56/62 [09:33<01:00, 10.07s/it]
[36m(MultiNodeVLLMEngine pid=218511, ip=192.168.32.75)[0m [0;36m(EngineCore_DP0 pid=218695)[0;0m [36m(RayWorkerWrapper pid=218941)[0m Loading safetensors checkpoint shards:  92% Completed | 57/62 [09:43<00:50, 10.06s/it]
[36m(MultiNodeVLLMEngine pid=218511, ip=192.168.32.75)[0m [0;36m(EngineCore_DP0 pid=218695)[0;0m [36m(RayWorkerWrapper pid=218941)[0m Loading safetensors checkpoint shards:  94% Completed | 58/62 [09:53<00:39, 10.00s/it]
[36m(MultiNodeVLLMEngine pid=218511, ip=192.168.32.75)[0m [0;36m(EngineCore_DP0 pid=218695)[0;0m [36m(RayWorkerWrapper pid=218941)[0m Loading safetensors checkpoint shards:  95% Completed | 59/62 [10:03<00:29,  9.93s/it]
[36m(MultiNodeVLLMEngine pid=218511, ip=192.168.32.75)[0m [0;36m(EngineCore_DP0 pid=218695)[0;0m [36m(RayWorkerWrapper pid=218941)[0m Loading safetensors checkpoint shards:  97% Completed | 60/62 [10:13<00:19,  9.95s/it]
[36m(MultiNodeVLLMEngine pid=218511, ip=192.168.32.75)[0m [0;36m(EngineCore_DP0 pid=218695)[0;0m [36m(RayWorkerWrapper pid=218941)[0m Loading safetensors checkpoint shards:  98% Completed | 61/62 [10:22<00:09,  9.90s/it]
[36m(MultiNodeVLLMEngine pid=218511, ip=192.168.32.75)[0m [0;36m(EngineCore_DP0 pid=218695)[0;0m [36m(RayWorkerWrapper pid=218941)[0m Loading safetensors checkpoint shards: 100% Completed | 62/62 [10:33<00:00, 10.00s/it]
[36m(MultiNodeVLLMEngine pid=218511, ip=192.168.32.75)[0m [0;36m(EngineCore_DP0 pid=218695)[0;0m [36m(RayWorkerWrapper pid=218941)[0m Loading safetensors checkpoint shards: 100% Completed | 62/62 [10:33<00:00, 10.21s/it]
[36m(MultiNodeVLLMEngine pid=218511, ip=192.168.32.75)[0m [0;36m(EngineCore_DP0 pid=218695)[0;0m [36m(RayWorkerWrapper pid=218941)[0m 
[36m(MultiNodeVLLMEngine pid=218511, ip=192.168.32.75)[0m [0;36m(EngineCore_DP0 pid=218695)[0;0m [36m(RayWorkerWrapper pid=218943)[0m WARNING 12-22 16:53:46 [worker_base.py:301] Missing `shared_worker_lock` argument from executor. This argument is needed for mm_processor_cache_type='shm'.
[36m(MultiNodeVLLMEngine pid=218511, ip=192.168.32.75)[0m [0;36m(EngineCore_DP0 pid=218695)[0;0m [36m(RayWorkerWrapper pid=218942)[0m INFO 12-22 16:53:46 [parallel_state.py:1210] world_size=16 rank=2 local_rank=2 distributed_init_method=tcp://192.168.32.75:40643 backend=nccl
[36m(MultiNodeVLLMEngine pid=218511, ip=192.168.32.75)[0m [0;36m(EngineCore_DP0 pid=218695)[0;0m [36m(RayWorkerWrapper pid=218941)[0m INFO 12-22 16:53:47 [pynccl.py:111] vLLM is using nccl==2.27.5
[36m(MultiNodeVLLMEngine pid=218511, ip=192.168.32.75)[0m [0;36m(EngineCore_DP0 pid=218695)[0;0m [36m(RayWorkerWrapper pid=194948, ip=192.168.32.81)[0m WARNING 12-22 16:53:48 [symm_mem.py:67] SymmMemCommunicator: Device capability 8.0 not supported, communicator is not available.
[36m(MultiNodeVLLMEngine pid=218511, ip=192.168.32.75)[0m [0;36m(EngineCore_DP0 pid=218695)[0;0m [36m(RayWorkerWrapper pid=194948, ip=192.168.32.81)[0m WARNING 12-22 16:53:48 [custom_all_reduce.py:92] Custom allreduce is disabled because this process group spans across nodes.
[36m(MultiNodeVLLMEngine pid=218511, ip=192.168.32.75)[0m [0;36m(EngineCore_DP0 pid=218695)[0;0m [36m(RayWorkerWrapper pid=194948, ip=192.168.32.81)[0m INFO 12-22 16:53:48 [parallel_state.py:1418] rank 10 in world size 16 is assigned as DP rank 0, PP rank 0, PCP rank 0, TP rank 10, EP rank 10
[36m(MultiNodeVLLMEngine pid=218511, ip=192.168.32.75)[0m [0;36m(EngineCore_DP0 pid=218695)[0;0m [36m(RayWorkerWrapper pid=218941)[0m INFO 12-22 16:53:49 [gpu_model_runner.py:3591] Starting to load model /vePFS-Mindverse/share/huggingface/hub/models--moonshotai--Kimi-K2-Thinking/snapshots/612681931a8c906ddb349f8ad0f582cb552189cd...
[36m(MultiNodeVLLMEngine pid=218511, ip=192.168.32.75)[0m [0;36m(EngineCore_DP0 pid=218695)[0;0m [36m(RayWorkerWrapper pid=194951, ip=192.168.32.81)[0m WARNING 12-22 16:53:49 [compressed_tensors.py:742] Acceleration for non-quantized schemes is not supported by Compressed Tensors. Falling back to UnquantizedLinearMethod
[36m(MultiNodeVLLMEngine pid=218511, ip=192.168.32.75)[0m [0;36m(EngineCore_DP0 pid=218695)[0;0m [36m(RayWorkerWrapper pid=194948, ip=192.168.32.81)[0m INFO 12-22 16:53:49 [compressed_tensors_moe.py:193] Using CompressedTensorsWNA16MarlinMoEMethod
[36m(MultiNodeVLLMEngine pid=218511, ip=192.168.32.75)[0m [0;36m(EngineCore_DP0 pid=218695)[0;0m [36m(RayWorkerWrapper pid=194946, ip=192.168.32.81)[0m INFO 12-22 16:53:49 [cuda.py:351] Using TRITON_MLA attention backend out of potential backends: ('TRITON_MLA',)
[36m(MultiNodeVLLMEngine pid=218511, ip=192.168.32.75)[0m [0;36m(EngineCore_DP0 pid=218695)[0;0m [36m(RayWorkerWrapper pid=194946, ip=192.168.32.81)[0m INFO 12-22 16:53:49 [layer.py:373] Enabled separate cuda stream for MoE shared_experts
[36m(MultiNodeVLLMEngine pid=218511, ip=192.168.32.75)[0m [0;36m(EngineCore_DP0 pid=218695)[0;0m [36m(RayWorkerWrapper pid=218941)[0m INFO 12-22 17:04:24 [default_loader.py:308] Loading weights took 633.22 seconds
[36m(MultiNodeVLLMEngine pid=218511, ip=192.168.32.75)[0m [0;36m(EngineCore_DP0 pid=218695)[0;0m [36m(RayWorkerWrapper pid=218942)[0m WARNING 12-22 16:53:46 [worker_base.py:301] Missing `shared_worker_lock` argument from executor. This argument is needed for mm_processor_cache_type='shm'.[32m [repeated 15x across cluster] (Ray deduplicates logs by default. Set RAY_DEDUP_LOGS=0 to disable log deduplication, or see https://docs.ray.io/en/master/ray-observability/user-guides/configure-logging.html#log-deduplication for more options.)[0m
[36m(MultiNodeVLLMEngine pid=218511, ip=192.168.32.75)[0m [0;36m(EngineCore_DP0 pid=218695)[0;0m [36m(RayWorkerWrapper pid=194954, ip=192.168.32.81)[0m INFO 12-22 16:53:47 [parallel_state.py:1210] world_size=16 rank=15 local_rank=7 distributed_init_method=tcp://192.168.32.75:40643 backend=nccl[32m [repeated 15x across cluster][0m
[36m(MultiNodeVLLMEngine pid=218511, ip=192.168.32.75)[0m [0;36m(EngineCore_DP0 pid=218695)[0;0m [36m(RayWorkerWrapper pid=218945)[0m WARNING 12-22 16:53:48 [symm_mem.py:67] SymmMemCommunicator: Device capability 8.0 not supported, communicator is not available.[32m [repeated 15x across cluster][0m
[36m(MultiNodeVLLMEngine pid=218511, ip=192.168.32.75)[0m [0;36m(EngineCore_DP0 pid=218695)[0;0m [36m(RayWorkerWrapper pid=218945)[0m WARNING 12-22 16:53:48 [custom_all_reduce.py:92] Custom allreduce is disabled because this process group spans across nodes.[32m [repeated 15x across cluster][0m
[36m(MultiNodeVLLMEngine pid=218511, ip=192.168.32.75)[0m [0;36m(EngineCore_DP0 pid=218695)[0;0m [36m(RayWorkerWrapper pid=218945)[0m INFO 12-22 16:53:48 [parallel_state.py:1418] rank 5 in world size 16 is assigned as DP rank 0, PP rank 0, PCP rank 0, TP rank 5, EP rank 5[32m [repeated 15x across cluster][0m
[36m(MultiNodeVLLMEngine pid=218511, ip=192.168.32.75)[0m [0;36m(EngineCore_DP0 pid=218695)[0;0m [36m(RayWorkerWrapper pid=218942)[0m WARNING 12-22 16:53:49 [compressed_tensors.py:742] Acceleration for non-quantized schemes is not supported by Compressed Tensors. Falling back to UnquantizedLinearMethod[32m [repeated 15x across cluster][0m
[36m(MultiNodeVLLMEngine pid=218511, ip=192.168.32.75)[0m [0;36m(EngineCore_DP0 pid=218695)[0;0m [36m(RayWorkerWrapper pid=218943)[0m INFO 12-22 16:53:49 [compressed_tensors_moe.py:193] Using CompressedTensorsWNA16MarlinMoEMethod[32m [repeated 15x across cluster][0m
[36m(MultiNodeVLLMEngine pid=218511, ip=192.168.32.75)[0m [0;36m(EngineCore_DP0 pid=218695)[0;0m [36m(RayWorkerWrapper pid=218941)[0m INFO 12-22 16:53:49 [cuda.py:351] Using TRITON_MLA attention backend out of potential backends: ('TRITON_MLA',)
[36m(MultiNodeVLLMEngine pid=218511, ip=192.168.32.75)[0m [0;36m(EngineCore_DP0 pid=218695)[0;0m [36m(RayWorkerWrapper pid=218941)[0m INFO 12-22 16:53:49 [layer.py:373] Enabled separate cuda stream for MoE shared_experts
[36m(MultiNodeVLLMEngine pid=218511, ip=192.168.32.75)[0m [0;36m(EngineCore_DP0 pid=218695)[0;0m [36m(RayWorkerWrapper pid=218941)[0m INFO 12-22 17:04:29 [punica_selector.py:20] Using PunicaWrapperGPU.
[36m(MultiNodeVLLMEngine pid=218511, ip=192.168.32.75)[0m [0;36m(EngineCore_DP0 pid=218695)[0;0m [36m(RayWorkerWrapper pid=218941)[0m INFO 12-22 17:04:29 [utils.py:82] MoE model detected. Using fused MoE LoRA implementation.
[36m(MultiNodeVLLMEngine pid=218511, ip=192.168.32.75)[0m [0;36m(EngineCore_DP0 pid=218695)[0;0m [36m(RayWorkerWrapper pid=218941)[0m WARNING 12-22 17:04:29 [vllm.py:1406] Current vLLM config is not set.
[36m(MultiNodeVLLMEngine pid=218511, ip=192.168.32.75)[0m [0;36m(EngineCore_DP0 pid=218695)[0;0m [36m(RayWorkerWrapper pid=218941)[0m INFO 12-22 17:04:29 [scheduler.py:230] Chunked prefill is enabled with max_num_batched_tokens=2048.
[36m(MultiNodeVLLMEngine pid=218511, ip=192.168.32.75)[0m [0;36m(EngineCore_DP0 pid=218695)[0;0m [36m(RayWorkerWrapper pid=218941)[0m INFO 12-22 17:04:31 [gpu_model_runner.py:3688] Model loading took 67.0886 GiB memory and 640.980248 seconds
[36m(MultiNodeVLLMEngine pid=218511, ip=192.168.32.75)[0m [0;36m(EngineCore_DP0 pid=218695)[0;0m [36m(RayWorkerWrapper pid=194954, ip=192.168.32.81)[0m INFO 12-22 17:04:44 [punica_selector.py:20] Using PunicaWrapperGPU.[32m [repeated 2x across cluster][0m
[36m(MultiNodeVLLMEngine pid=218511, ip=192.168.32.75)[0m [0;36m(EngineCore_DP0 pid=218695)[0;0m [36m(RayWorkerWrapper pid=194954, ip=192.168.32.81)[0m INFO 12-22 17:04:44 [utils.py:82] MoE model detected. Using fused MoE LoRA implementation.[32m [repeated 2x across cluster][0m
[36m(MultiNodeVLLMEngine pid=218511, ip=192.168.32.75)[0m [0;36m(EngineCore_DP0 pid=218695)[0;0m [36m(RayWorkerWrapper pid=194954, ip=192.168.32.81)[0m WARNING 12-22 17:04:44 [vllm.py:1406] Current vLLM config is not set.[32m [repeated 2x across cluster][0m
[36m(MultiNodeVLLMEngine pid=218511, ip=192.168.32.75)[0m [0;36m(EngineCore_DP0 pid=218695)[0;0m [36m(RayWorkerWrapper pid=194954, ip=192.168.32.81)[0m INFO 12-22 17:04:44 [scheduler.py:230] Chunked prefill is enabled with max_num_batched_tokens=2048.[32m [repeated 2x across cluster][0m
[36m(MultiNodeVLLMEngine pid=218511, ip=192.168.32.75)[0m [0;36m(EngineCore_DP0 pid=218695)[0;0m [36m(RayWorkerWrapper pid=218945)[0m INFO 12-22 17:04:52 [punica_selector.py:20] Using PunicaWrapperGPU.[32m [repeated 4x across cluster][0m
[36m(MultiNodeVLLMEngine pid=218511, ip=192.168.32.75)[0m [0;36m(EngineCore_DP0 pid=218695)[0;0m [36m(RayWorkerWrapper pid=218945)[0m INFO 12-22 17:04:52 [utils.py:82] MoE model detected. Using fused MoE LoRA implementation.[32m [repeated 4x across cluster][0m
[36m(MultiNodeVLLMEngine pid=218511, ip=192.168.32.75)[0m [0;36m(EngineCore_DP0 pid=218695)[0;0m [36m(RayWorkerWrapper pid=218945)[0m WARNING 12-22 17:04:52 [vllm.py:1406] Current vLLM config is not set.[32m [repeated 4x across cluster][0m
[36m(MultiNodeVLLMEngine pid=218511, ip=192.168.32.75)[0m [0;36m(EngineCore_DP0 pid=218695)[0;0m [36m(RayWorkerWrapper pid=218945)[0m INFO 12-22 17:04:52 [scheduler.py:230] Chunked prefill is enabled with max_num_batched_tokens=2048.[32m [repeated 4x across cluster][0m
[36m(MultiNodeVLLMEngine pid=218511, ip=192.168.32.75)[0m [0;36m(EngineCore_DP0 pid=218695)[0;0m [36m(RayWorkerWrapper pid=194946, ip=192.168.32.81)[0m INFO 12-22 17:04:52 [default_loader.py:308] Loading weights took 661.67 seconds
[36m(MultiNodeVLLMEngine pid=218511, ip=192.168.32.75)[0m [0;36m(EngineCore_DP0 pid=218695)[0;0m [36m(RayWorkerWrapper pid=194946, ip=192.168.32.81)[0m INFO 12-22 17:04:57 [punica_selector.py:20] Using PunicaWrapperGPU.[32m [repeated 3x across cluster][0m
[36m(MultiNodeVLLMEngine pid=218511, ip=192.168.32.75)[0m [0;36m(EngineCore_DP0 pid=218695)[0;0m [36m(RayWorkerWrapper pid=194946, ip=192.168.32.81)[0m INFO 12-22 17:04:57 [utils.py:82] MoE model detected. Using fused MoE LoRA implementation.[32m [repeated 3x across cluster][0m
[36m(MultiNodeVLLMEngine pid=218511, ip=192.168.32.75)[0m [0;36m(EngineCore_DP0 pid=218695)[0;0m 
INFO:     127.0.0.1:43012 - "POST /api/v1/retrieve_future HTTP/1.1" 408 Request Timeout
[36m(MultiNodeVLLMEngine pid=218511, ip=192.168.32.75)[0m [0;36m(EngineCore_DP0 pid=218695)[0;0m Process EngineCore_DP0:
[36m(MultiNodeVLLMEngine pid=218511, ip=192.168.32.75)[0m [0;36m(EngineCore_DP0 pid=218695)[0;0m Traceback (most recent call last):
[36m(MultiNodeVLLMEngine pid=218511, ip=192.168.32.75)[0m [0;36m(EngineCore_DP0 pid=218695)[0;0m   File "/usr/lib/python3.10/multiprocessing/process.py", line 314, in _bootstrap
[36m(MultiNodeVLLMEngine pid=218511, ip=192.168.32.75)[0m [0;36m(EngineCore_DP0 pid=218695)[0;0m     self.run()
[36m(MultiNodeVLLMEngine pid=218511, ip=192.168.32.75)[0m [0;36m(EngineCore_DP0 pid=218695)[0;0m   File "/usr/lib/python3.10/multiprocessing/process.py", line 108, in run
[36m(MultiNodeVLLMEngine pid=218511, ip=192.168.32.75)[0m [0;36m(EngineCore_DP0 pid=218695)[0;0m     self._target(*self._args, **self._kwargs)
[36m(MultiNodeVLLMEngine pid=218511, ip=192.168.32.75)[0m [0;36m(EngineCore_DP0 pid=218695)[0;0m   File "/usr/local/lib/python3.10/dist-packages/vllm/v1/engine/core.py", line 870, in run_engine_core
[36m(MultiNodeVLLMEngine pid=218511, ip=192.168.32.75)[0m [0;36m(EngineCore_DP0 pid=218695)[0;0m     raise e
[36m(MultiNodeVLLMEngine pid=218511, ip=192.168.32.75)[0m [0;36m(EngineCore_DP0 pid=218695)[0;0m   File "/usr/local/lib/python3.10/dist-packages/vllm/v1/engine/core.py", line 857, in run_engine_core
[36m(MultiNodeVLLMEngine pid=218511, ip=192.168.32.75)[0m [0;36m(EngineCore_DP0 pid=218695)[0;0m     engine_core = EngineCoreProc(*args, **kwargs)
[36m(MultiNodeVLLMEngine pid=218511, ip=192.168.32.75)[0m [0;36m(EngineCore_DP0 pid=218695)[0;0m   File "/usr/local/lib/python3.10/dist-packages/vllm/v1/engine/core.py", line 637, in __init__
[36m(MultiNodeVLLMEngine pid=218511, ip=192.168.32.75)[0m [0;36m(EngineCore_DP0 pid=218695)[0;0m     super().__init__(
[36m(MultiNodeVLLMEngine pid=218511, ip=192.168.32.75)[0m [0;36m(EngineCore_DP0 pid=218695)[0;0m   File "/usr/local/lib/python3.10/dist-packages/vllm/v1/engine/core.py", line 109, in __init__
[36m(MultiNodeVLLMEngine pid=218511, ip=192.168.32.75)[0m [0;36m(EngineCore_DP0 pid=218695)[0;0m     num_gpu_blocks, num_cpu_blocks, kv_cache_config = self._initialize_kv_caches(
[36m(MultiNodeVLLMEngine pid=218511, ip=192.168.32.75)[0m [0;36m(EngineCore_DP0 pid=218695)[0;0m   File "/usr/local/lib/python3.10/dist-packages/vllm/v1/engine/core.py", line 248, in _initialize_kv_caches
[36m(MultiNodeVLLMEngine pid=218511, ip=192.168.32.75)[0m [0;36m(EngineCore_DP0 pid=218695)[0;0m     kv_cache_configs = get_kv_cache_configs(
[36m(MultiNodeVLLMEngine pid=218511, ip=192.168.32.75)[0m [0;36m(EngineCore_DP0 pid=218695)[0;0m   File "/usr/local/lib/python3.10/dist-packages/vllm/v1/core/kv_cache_utils.py", line 1340, in get_kv_cache_configs
[36m(MultiNodeVLLMEngine pid=218511, ip=192.168.32.75)[0m [0;36m(EngineCore_DP0 pid=218695)[0;0m     check_enough_kv_cache_memory(
[36m(MultiNodeVLLMEngine pid=218511, ip=192.168.32.75)[0m [0;36m(EngineCore_DP0 pid=218695)[0;0m   File "/usr/local/lib/python3.10/dist-packages/vllm/v1/core/kv_cache_utils.py", line 687, in check_enough_kv_cache_memory
[36m(MultiNodeVLLMEngine pid=218511, ip=192.168.32.75)[0m [0;36m(EngineCore_DP0 pid=218695)[0;0m     raise ValueError(
[36m(MultiNodeVLLMEngine pid=218511, ip=192.168.32.75)[0m [0;36m(EngineCore_DP0 pid=218695)[0;0m ValueError: No available memory for the cache blocks. Try increasing `gpu_memory_utilization` when initializing the engine. See https://docs.vllm.ai/en/latest/configuration/conserving_memory/ for more details.
ERROR:2025-12-22 17:09:23,626:[save_weights_for_sampler] Failed: [36mray::MultiNodeVLLMEngine.initialize()[39m (pid=218511, ip=192.168.32.75, actor_id=817e8cee5f4dd8fa43a495c055000000, repr=<tinker_server.backend.multinode_inference.MultiNodeVLLMEngine object at 0x7f714c8fe1a0>)
  File "/usr/lib/python3.10/concurrent/futures/_base.py", line 458, in result
    return self.__get_result()
  File "/usr/lib/python3.10/concurrent/futures/_base.py", line 403, in __get_result
    raise self._exception
  File "/vePFS-Mindverse/share/code/tinker-server/tinker_server/backend/multinode_inference.py", line 185, in initialize
    self.engine = AsyncLLMEngine.from_engine_args(engine_args)
  File "/usr/local/lib/python3.10/dist-packages/vllm/v1/engine/async_llm.py", line 244, in from_engine_args
    return cls(
  File "/usr/local/lib/python3.10/dist-packages/vllm/v1/engine/async_llm.py", line 134, in __init__
    self.engine_core = EngineCoreClient.make_async_mp_client(
  File "/usr/local/lib/python3.10/dist-packages/vllm/v1/engine/core_client.py", line 121, in make_async_mp_client
    return AsyncMPClient(*client_args)
  File "/usr/local/lib/python3.10/dist-packages/vllm/v1/engine/core_client.py", line 820, in __init__
    super().__init__(
  File "/usr/local/lib/python3.10/dist-packages/vllm/v1/engine/core_client.py", line 477, in __init__
    with launch_core_engines(vllm_config, executor_class, log_stats) as (
  File "/usr/lib/python3.10/contextlib.py", line 142, in __exit__
    next(self.gen)
  File "/usr/local/lib/python3.10/dist-packages/vllm/v1/engine/utils.py", line 903, in launch_core_engines
    wait_for_engine_startup(
  File "/usr/local/lib/python3.10/dist-packages/vllm/v1/engine/utils.py", line 960, in wait_for_engine_startup
    raise RuntimeError(
RuntimeError: Engine core initialization failed. See root cause above. Failed core proc(s): {}
Traceback (most recent call last):
  File "/vePFS-Mindverse/share/code/tinker-server/tinker_server/routes/training.py", line 501, in _do_save_weights_for_sampler
    multi_lora_engine = await inference_manager.get_engine_for_model(base_model)
  File "/vePFS-Mindverse/share/code/tinker-server/tinker_server/backend/session_manager.py", line 413, in get_engine_for_model
    return await manager.get_engine(model_name)
  File "/vePFS-Mindverse/share/code/tinker-server/tinker_server/backend/multi_lora_engine.py", line 997, in get_engine
    await engine.initialize()
  File "/vePFS-Mindverse/share/code/tinker-server/tinker_server/backend/multinode_inference.py", line 523, in initialize
    await loop.run_in_executor(
  File "/usr/lib/python3.10/concurrent/futures/thread.py", line 58, in run
    result = self.fn(*self.args, **self.kwargs)
  File "/vePFS-Mindverse/share/code/tinker-server/tinker_server/backend/multinode_inference.py", line 525, in <lambda>
    lambda: ray.get(self.engine.initialize.remote(), timeout=init_timeout)
  File "/usr/local/lib/python3.10/dist-packages/ray/_private/auto_init_hook.py", line 22, in auto_init_wrapper
    return fn(*args, **kwargs)
  File "/usr/local/lib/python3.10/dist-packages/ray/_private/client_mode_hook.py", line 104, in wrapper
    return func(*args, **kwargs)
  File "/usr/local/lib/python3.10/dist-packages/ray/_private/worker.py", line 2961, in get
    values, debugger_breakpoint = worker.get_objects(
  File "/usr/local/lib/python3.10/dist-packages/ray/_private/worker.py", line 1026, in get_objects
    raise value.as_instanceof_cause()
ray.exceptions.RayTaskError(RuntimeError): [36mray::MultiNodeVLLMEngine.initialize()[39m (pid=218511, ip=192.168.32.75, actor_id=817e8cee5f4dd8fa43a495c055000000, repr=<tinker_server.backend.multinode_inference.MultiNodeVLLMEngine object at 0x7f714c8fe1a0>)
  File "/usr/lib/python3.10/concurrent/futures/_base.py", line 458, in result
    return self.__get_result()
  File "/usr/lib/python3.10/concurrent/futures/_base.py", line 403, in __get_result
    raise self._exception
  File "/vePFS-Mindverse/share/code/tinker-server/tinker_server/backend/multinode_inference.py", line 185, in initialize
    self.engine = AsyncLLMEngine.from_engine_args(engine_args)
  File "/usr/local/lib/python3.10/dist-packages/vllm/v1/engine/async_llm.py", line 244, in from_engine_args
    return cls(
  File "/usr/local/lib/python3.10/dist-packages/vllm/v1/engine/async_llm.py", line 134, in __init__
    self.engine_core = EngineCoreClient.make_async_mp_client(
  File "/usr/local/lib/python3.10/dist-packages/vllm/v1/engine/core_client.py", line 121, in make_async_mp_client
    return AsyncMPClient(*client_args)
  File "/usr/local/lib/python3.10/dist-packages/vllm/v1/engine/core_client.py", line 820, in __init__
    super().__init__(
  File "/usr/local/lib/python3.10/dist-packages/vllm/v1/engine/core_client.py", line 477, in __init__
    with launch_core_engines(vllm_config, executor_class, log_stats) as (
  File "/usr/lib/python3.10/contextlib.py", line 142, in __exit__
    next(self.gen)
  File "/usr/local/lib/python3.10/dist-packages/vllm/v1/engine/utils.py", line 903, in launch_core_engines
    wait_for_engine_startup(
  File "/usr/local/lib/python3.10/dist-packages/vllm/v1/engine/utils.py", line 960, in wait_for_engine_startup
    raise RuntimeError(
RuntimeError: Engine core initialization failed. See root cause above. Failed core proc(s): {}
[36m(MultiNodeVLLMEngine pid=218511, ip=192.168.32.75)[0m [2025-12-22 17:11:46] INFO multinode_inference.py:179: Creating AsyncLLMEngine: TP=16, backend=ray, enable_lora=True
[36m(MultiNodeVLLMEngine pid=218511, ip=192.168.32.75)[0m The argument `trust_remote_code` is to be used with Auto classes. It has no effect here and is ignored.
[36m(MultiNodeVLLMEngine pid=218511, ip=192.168.32.75)[0m You are using a model of type kimi_k2 to instantiate a model of type deepseek_v3. This is not supported for all configurations of models and can yield errors.
[36m(MultiNodeVLLMEngine pid=218511, ip=192.168.32.75)[0m W1222 17:11:52.896000 227804 torch/utils/cpp_extension.py:117] No CUDA runtime is found, using CUDA_HOME='/usr/local/cuda'
[36m(MultiNodeVLLMEngine pid=218511, ip=192.168.32.75)[0m [0;36m(EngineCore_DP0 pid=227804)[0;0m 2025-12-22 17:11:54,575	INFO worker.py:1691 -- Using address 192.168.32.66:6379 set in the environment variable RAY_ADDRESS
[36m(MultiNodeVLLMEngine pid=218511, ip=192.168.32.75)[0m [0;36m(EngineCore_DP0 pid=227804)[0;0m 2025-12-22 17:11:54,579	INFO worker.py:1832 -- Connecting to existing Ray cluster at address: 192.168.32.66:6379...
[36m(MultiNodeVLLMEngine pid=218511, ip=192.168.32.75)[0m [0;36m(EngineCore_DP0 pid=227804)[0;0m 2025-12-22 17:11:54,589	INFO worker.py:2003 -- Connected to Ray cluster. View the dashboard at [1m[32m192.168.32.66:8265 [39m[22m
[36m(MultiNodeVLLMEngine pid=218511, ip=192.168.32.75)[0m [0;36m(EngineCore_DP0 pid=227804)[0;0m /usr/local/lib/python3.10/dist-packages/ray/_private/worker.py:2051: FutureWarning: Tip: In future versions of Ray, Ray will no longer override accelerator visible devices env var if num_gpus=0 or num_gpus=None (default). To enable this behavior and turn off this error message, set RAY_ACCEL_ENV_VAR_OVERRIDE_ON_ZERO=0
[36m(MultiNodeVLLMEngine pid=218511, ip=192.168.32.75)[0m [0;36m(EngineCore_DP0 pid=227804)[0;0m   warnings.warn(
[36m(MultiNodeVLLMEngine pid=218511, ip=192.168.32.75)[0m [0;36m(EngineCore_DP0 pid=227804)[0;0m [36m(RayWorkerWrapper pid=228049)[0m Loading safetensors checkpoint shards:   0% Completed | 0/62 [00:00<?, ?it/s]
[36m(MultiNodeVLLMEngine pid=218511, ip=192.168.32.75)[0m [0;36m(EngineCore_DP0 pid=227804)[0;0m [36m(RayWorkerWrapper pid=228049)[0m Loading safetensors checkpoint shards:   2% Completed | 1/62 [00:10<10:57, 10.77s/it]
[36m(MultiNodeVLLMEngine pid=218511, ip=192.168.32.75)[0m [0;36m(EngineCore_DP0 pid=227804)[0;0m [36m(RayWorkerWrapper pid=228049)[0m Loading safetensors checkpoint shards:   3% Completed | 2/62 [00:21<10:57, 10.96s/it]
[36m(MultiNodeVLLMEngine pid=218511, ip=192.168.32.75)[0m [0;36m(EngineCore_DP0 pid=227804)[0;0m [36m(RayWorkerWrapper pid=228049)[0m Loading safetensors checkpoint shards:   5% Completed | 3/62 [00:32<10:46, 10.95s/it]
[36m(MultiNodeVLLMEngine pid=218511, ip=192.168.32.75)[0m [0;36m(EngineCore_DP0 pid=227804)[0;0m [36m(RayWorkerWrapper pid=228049)[0m Loading safetensors checkpoint shards:   6% Completed | 4/62 [00:43<10:32, 10.91s/it]
[36m(MultiNodeVLLMEngine pid=218511, ip=192.168.32.75)[0m [36m(RayWorkerWrapper pid=194946, ip=192.168.32.81)[0m WARNING 12-22 17:04:57 [vllm.py:1406] Current vLLM config is not set.[32m [repeated 3x across cluster][0m
[36m(MultiNodeVLLMEngine pid=218511, ip=192.168.32.75)[0m [0;36m(EngineCore_DP0 pid=218695)[0;0m [36m(RayWorkerWrapper pid=194946, ip=192.168.32.81)[0m INFO 12-22 17:04:57 [scheduler.py:230] Chunked prefill is enabled with max_num_batched_tokens=2048.[32m [repeated 3x across cluster][0m
[36m(MultiNodeVLLMEngine pid=218511, ip=192.168.32.75)[0m [0;36m(EngineCore_DP0 pid=218695)[0;0m [36m(RayWorkerWrapper pid=194946, ip=192.168.32.81)[0m INFO 12-22 17:04:59 [gpu_model_runner.py:3688] Model loading took 67.0886 GiB memory and 669.479146 seconds
[36m(MultiNodeVLLMEngine pid=218511, ip=192.168.32.75)[0m [0;36m(EngineCore_DP0 pid=218695)[0;0m [36m(RayWorkerWrapper pid=218943)[0m INFO 12-22 17:05:03 [punica_selector.py:20] Using PunicaWrapperGPU.[32m [repeated 3x across cluster][0m
[36m(MultiNodeVLLMEngine pid=218511, ip=192.168.32.75)[0m [0;36m(EngineCore_DP0 pid=218695)[0;0m [36m(RayWorkerWrapper pid=218943)[0m INFO 12-22 17:05:03 [utils.py:82] MoE model detected. Using fused MoE LoRA implementation.[32m [repeated 3x across cluster][0m
[36m(MultiNodeVLLMEngine pid=218511, ip=192.168.32.75)[0m [0;36m(EngineCore_DP0 pid=218695)[0;0m [36m(RayWorkerWrapper pid=218943)[0m WARNING 12-22 17:05:03 [vllm.py:1406] Current vLLM config is not set.[32m [repeated 3x across cluster][0m
[36m(MultiNodeVLLMEngine pid=218511, ip=192.168.32.75)[0m [0;36m(EngineCore_DP0 pid=218695)[0;0m [36m(RayWorkerWrapper pid=218943)[0m INFO 12-22 17:05:03 [scheduler.py:230] Chunked prefill is enabled with max_num_batched_tokens=2048.[32m [repeated 3x across cluster][0m
[36m(MultiNodeVLLMEngine pid=218511, ip=192.168.32.75)[0m [0;36m(EngineCore_DP0 pid=218695)[0;0m [36m(RayWorkerWrapper pid=218947)[0m INFO 12-22 17:05:10 [punica_selector.py:20] Using PunicaWrapperGPU.[32m [repeated 3x across cluster][0m
[36m(MultiNodeVLLMEngine pid=218511, ip=192.168.32.75)[0m [0;36m(EngineCore_DP0 pid=218695)[0;0m [36m(RayWorkerWrapper pid=218947)[0m INFO 12-22 17:05:10 [utils.py:82] MoE model detected. Using fused MoE LoRA implementation.[32m [repeated 3x across cluster][0m
[36m(MultiNodeVLLMEngine pid=218511, ip=192.168.32.75)[0m [0;36m(EngineCore_DP0 pid=218695)[0;0m [36m(RayWorkerWrapper pid=218947)[0m WARNING 12-22 17:05:10 [vllm.py:1406] Current vLLM config is not set.[32m [repeated 3x across cluster][0m
[36m(MultiNodeVLLMEngine pid=218511, ip=192.168.32.75)[0m [0;36m(EngineCore_DP0 pid=218695)[0;0m [36m(RayWorkerWrapper pid=218947)[0m INFO 12-22 17:05:10 [scheduler.py:230] Chunked prefill is enabled with max_num_batched_tokens=2048.[32m [repeated 3x across cluster][0m
[36m(MultiNodeVLLMEngine pid=218511, ip=192.168.32.75)[0m [0;36m(EngineCore_DP0 pid=218695)[0;0m [36m(RayWorkerWrapper pid=218941)[0m INFO 12-22 17:05:41 [backends.py:643] Using cache directory: /root/.cache/vllm/torch_compile_cache/22441932b1/rank_0_0/backbone for vLLM's torch.compile
[36m(MultiNodeVLLMEngine pid=218511, ip=192.168.32.75)[0m [0;36m(EngineCore_DP0 pid=218695)[0;0m [36m(RayWorkerWrapper pid=218941)[0m INFO 12-22 17:05:41 [backends.py:703] Dynamo bytecode transform time: 21.78 s
[36m(MultiNodeVLLMEngine pid=218511, ip=192.168.32.75)[0m [0;36m(EngineCore_DP0 pid=218695)[0;0m [36m(RayWorkerWrapper pid=218946)[0m INFO 12-22 17:05:56 [backends.py:261] Cache the graph of compile range (1, 8192) for later use
[36m(MultiNodeVLLMEngine pid=218511, ip=192.168.32.75)[0m [0;36m(EngineCore_DP0 pid=218695)[0;0m [36m(RayWorkerWrapper pid=194946, ip=192.168.32.81)[0m INFO 12-22 17:05:41 [backends.py:643] Using cache directory: /root/.cache/vllm/torch_compile_cache/22441932b1/rank_8_0/backbone for vLLM's torch.compile
[36m(MultiNodeVLLMEngine pid=218511, ip=192.168.32.75)[0m [0;36m(EngineCore_DP0 pid=218695)[0;0m [36m(RayWorkerWrapper pid=194946, ip=192.168.32.81)[0m INFO 12-22 17:05:41 [backends.py:703] Dynamo bytecode transform time: 21.75 s
[36m(MultiNodeVLLMEngine pid=218511, ip=192.168.32.75)[0m [0;36m(EngineCore_DP0 pid=218695)[0;0m [36m(RayWorkerWrapper pid=194954, ip=192.168.32.81)[0m INFO 12-22 17:06:01 [backends.py:261] Cache the graph of compile range (1, 8192) for later use[32m [repeated 8x across cluster][0m
[36m(MultiNodeVLLMEngine pid=218511, ip=192.168.32.75)[0m [0;36m(EngineCore_DP0 pid=218695)[0;0m [36m(RayWorkerWrapper pid=218941)[0m WARNING 12-22 17:06:15 [fused_moe.py:888] Using default MoE config. Performance might be sub-optimal! Config file not found at /usr/local/lib/python3.10/dist-packages/vllm/model_executor/layers/fused_moe/configs/E=384,N=14336,device_name=NVIDIA_A800-SXM4-80GB.json
[36m(MultiNodeVLLMEngine pid=218511, ip=192.168.32.75)[0m [0;36m(EngineCore_DP0 pid=218695)[0;0m [36m(RayWorkerWrapper pid=194952, ip=192.168.32.81)[0m INFO 12-22 17:06:06 [backends.py:261] Cache the graph of compile range (1, 8192) for later use[32m [repeated 7x across cluster][0m
[36m(MultiNodeVLLMEngine pid=218511, ip=192.168.32.75)[0m [0;36m(EngineCore_DP0 pid=218695)[0;0m [36m(RayWorkerWrapper pid=218941)[0m INFO 12-22 17:09:15 [backends.py:278] Compiling a graph for compile range (1, 8192) takes 200.94 s
[36m(MultiNodeVLLMEngine pid=218511, ip=192.168.32.75)[0m [0;36m(EngineCore_DP0 pid=218695)[0;0m [36m(RayWorkerWrapper pid=218941)[0m INFO 12-22 17:09:15 [monitor.py:34] torch.compile takes 222.71 s in total
[36m(MultiNodeVLLMEngine pid=218511, ip=192.168.32.75)[0m [0;36m(EngineCore_DP0 pid=218695)[0;0m [36m(RayWorkerWrapper pid=194946, ip=192.168.32.81)[0m WARNING 12-22 17:06:16 [fused_moe.py:888] Using default MoE config. Performance might be sub-optimal! Config file not found at /usr/local/lib/python3.10/dist-packages/vllm/model_executor/layers/fused_moe/configs/E=384,N=14336,device_name=NVIDIA_A800-SXM4-80GB.json
[36m(MultiNodeVLLMEngine pid=218511, ip=192.168.32.75)[0m [0;36m(EngineCore_DP0 pid=218695)[0;0m [36m(RayWorkerWrapper pid=194946, ip=192.168.32.81)[0m INFO 12-22 17:09:19 [gpu_worker.py:375] Available KV cache memory: -13.67 GiB
[36m(MultiNodeVLLMEngine pid=218511, ip=192.168.32.75)[0m [0;36m(EngineCore_DP0 pid=218695)[0;0m ERROR 12-22 17:09:21 [core.py:866] EngineCore failed to start.
[36m(MultiNodeVLLMEngine pid=218511, ip=192.168.32.75)[0m [0;36m(EngineCore_DP0 pid=218695)[0;0m ERROR 12-22 17:09:21 [core.py:866] Traceback (most recent call last):
[36m(MultiNodeVLLMEngine pid=218511, ip=192.168.32.75)[0m [0;36m(EngineCore_DP0 pid=218695)[0;0m ERROR 12-22 17:09:21 [core.py:866]   File "/usr/local/lib/python3.10/dist-packages/vllm/v1/engine/core.py", line 857, in run_engine_core
[36m(MultiNodeVLLMEngine pid=218511, ip=192.168.32.75)[0m [0;36m(EngineCore_DP0 pid=218695)[0;0m ERROR 12-22 17:09:21 [core.py:866]     engine_core = EngineCoreProc(*args, **kwargs)
[36m(MultiNodeVLLMEngine pid=218511, ip=192.168.32.75)[0m [0;36m(EngineCore_DP0 pid=218695)[0;0m ERROR 12-22 17:09:21 [core.py:866]   File "/usr/local/lib/python3.10/dist-packages/vllm/v1/engine/core.py", line 637, in __init__
[36m(MultiNodeVLLMEngine pid=218511, ip=192.168.32.75)[0m [0;36m(EngineCore_DP0 pid=218695)[0;0m ERROR 12-22 17:09:21 [core.py:866]     super().__init__(
[36m(MultiNodeVLLMEngine pid=218511, ip=192.168.32.75)[0m [0;36m(EngineCore_DP0 pid=218695)[0;0m ERROR 12-22 17:09:21 [core.py:866]   File "/usr/local/lib/python3.10/dist-packages/vllm/v1/engine/core.py", line 109, in __init__
[36m(MultiNodeVLLMEngine pid=218511, ip=192.168.32.75)[0m [0;36m(EngineCore_DP0 pid=218695)[0;0m ERROR 12-22 17:09:21 [core.py:866]     num_gpu_blocks, num_cpu_blocks, kv_cache_config = self._initialize_kv_caches(
[36m(MultiNodeVLLMEngine pid=218511, ip=192.168.32.75)[0m [0;36m(EngineCore_DP0 pid=218695)[0;0m ERROR 12-22 17:09:21 [core.py:866]   File "/usr/local/lib/python3.10/dist-packages/vllm/v1/engine/core.py", line 248, in _initialize_kv_caches
[36m(MultiNodeVLLMEngine pid=218511, ip=192.168.32.75)[0m [0;36m(EngineCore_DP0 pid=218695)[0;0m ERROR 12-22 17:09:21 [core.py:866]     kv_cache_configs = get_kv_cache_configs(
[36m(MultiNodeVLLMEngine pid=218511, ip=192.168.32.75)[0m [0;36m(EngineCore_DP0 pid=218695)[0;0m ERROR 12-22 17:09:21 [core.py:866]   File "/usr/local/lib/python3.10/dist-packages/vllm/v1/core/kv_cache_utils.py", line 1340, in get_kv_cache_configs
[36m(MultiNodeVLLMEngine pid=218511, ip=192.168.32.75)[0m [0;36m(EngineCore_DP0 pid=218695)[0;0m ERROR 12-22 17:09:21 [core.py:866]     check_enough_kv_cache_memory(
[36m(MultiNodeVLLMEngine pid=218511, ip=192.168.32.75)[0m [0;36m(EngineCore_DP0 pid=218695)[0;0m ERROR 12-22 17:09:21 [core.py:866]   File "/usr/local/lib/python3.10/dist-packages/vllm/v1/core/kv_cache_utils.py", line 687, in check_enough_kv_cache_memory
[36m(MultiNodeVLLMEngine pid=218511, ip=192.168.32.75)[0m [0;36m(EngineCore_DP0 pid=218695)[0;0m ERROR 12-22 17:09:21 [core.py:866]     raise ValueError(
[36m(MultiNodeVLLMEngine pid=218511, ip=192.168.32.75)[0m [0;36m(EngineCore_DP0 pid=218695)[0;0m ERROR 12-22 17:09:21 [core.py:866] ValueError: No available memory for the cache blocks. Try increasing `gpu_memory_utilization` when initializing the engine. See https://docs.vllm.ai/en/latest/configuration/conserving_memory/ for more details.
[36m(MultiNodeVLLMEngine pid=218511, ip=192.168.32.75)[0m [0;36m(EngineCore_DP0 pid=218695)[0;0m INFO 12-22 17:09:21 [ray_executor.py:121] Shutting down Ray distributed executor. If you see error log from logging.cc regarding SIGTERM received, please ignore because this is the expected termination process in Ray.
[36m(MultiNodeVLLMEngine pid=218511, ip=192.168.32.75)[0m [0;36m(EngineCore_DP0 pid=218695)[0;0m [36m(RayWorkerWrapper pid=194946, ip=192.168.32.81)[0m INFO 12-22 17:09:15 [backends.py:278] Compiling a graph for compile range (1, 8192) takes 201.48 s
[36m(MultiNodeVLLMEngine pid=218511, ip=192.168.32.75)[0m [0;36m(EngineCore_DP0 pid=218695)[0;0m [36m(RayWorkerWrapper pid=194946, ip=192.168.32.81)[0m INFO 12-22 17:09:15 [monitor.py:34] torch.compile takes 223.22 s in total
[36m(MultiNodeVLLMEngine pid=218511, ip=192.168.32.75)[0m [0;36m(EngineCore_DP0 pid=218695)[0;0m [36m(RayWorkerWrapper pid=218941)[0m INFO 12-22 17:09:19 [gpu_worker.py:375] Available KV cache memory: -13.67 GiB
[36m(MultiNodeVLLMEngine pid=218511, ip=192.168.32.75)[0m INFO 12-22 17:11:46 [config.py:373] Replacing legacy 'type' key with 'rope_type'
[36m(MultiNodeVLLMEngine pid=218511, ip=192.168.32.75)[0m INFO 12-22 17:11:46 [model.py:514] Resolved architecture: DeepseekV3ForCausalLM
[36m(MultiNodeVLLMEngine pid=218511, ip=192.168.32.75)[0m INFO 12-22 17:11:46 [model.py:1661] Using max model len 131072
[36m(MultiNodeVLLMEngine pid=218511, ip=192.168.32.75)[0m INFO 12-22 17:11:46 [arg_utils.py:1399] Using ray runtime env (env vars redacted): {'env_vars': {'HF_HOME': '***', 'HF_HUB_OFFLINE': '***', 'PYTHONPATH': '***'}}
[36m(MultiNodeVLLMEngine pid=218511, ip=192.168.32.75)[0m INFO 12-22 17:11:46 [scheduler.py:230] Chunked prefill is enabled with max_num_batched_tokens=8192.
[36m(MultiNodeVLLMEngine pid=218511, ip=192.168.32.75)[0m [0;36m(EngineCore_DP0 pid=227804)[0;0m INFO 12-22 17:11:54 [core.py:93] Initializing a V1 LLM engine (v0.13.0rc2.dev207+g811cdf519) with config: model='/vePFS-Mindverse/share/huggingface/hub/models--moonshotai--Kimi-K2-Thinking/snapshots/612681931a8c906ddb349f8ad0f582cb552189cd', speculative_config=None, tokenizer='/vePFS-Mindverse/share/huggingface/hub/models--moonshotai--Kimi-K2-Thinking/snapshots/612681931a8c906ddb349f8ad0f582cb552189cd', skip_tokenizer_init=False, tokenizer_mode=auto, revision=None, tokenizer_revision=None, trust_remote_code=True, dtype=torch.bfloat16, max_seq_len=131072, download_dir=None, load_format=auto, tensor_parallel_size=16, pipeline_parallel_size=1, data_parallel_size=1, disable_custom_all_reduce=False, quantization=compressed-tensors, enforce_eager=False, kv_cache_dtype=auto, device_config=cuda, structured_outputs_config=StructuredOutputsConfig(backend='auto', disable_fallback=False, disable_any_whitespace=False, disable_additional_properties=False, reasoning_parser='', reasoning_parser_plugin='', enable_in_reasoning=False), observability_config=ObservabilityConfig(show_hidden_metrics_for_version=None, otlp_traces_endpoint=None, collect_detailed_traces=None, kv_cache_metrics=False, kv_cache_metrics_sample=0.01, cudagraph_metrics=False, enable_layerwise_nvtx_tracing=False), seed=0, served_model_name=/vePFS-Mindverse/share/huggingface/hub/models--moonshotai--Kimi-K2-Thinking/snapshots/612681931a8c906ddb349f8ad0f582cb552189cd, enable_prefix_caching=True, enable_chunked_prefill=True, pooler_config=None, compilation_config={'level': None, 'mode': <CompilationMode.VLLM_COMPILE: 3>, 'debug_dump_path': None, 'cache_dir': '', 'compile_cache_save_format': 'binary', 'backend': 'inductor', 'custom_ops': ['none'], 'splitting_ops': ['vllm::unified_attention', 'vllm::unified_attention_with_output', 'vllm::unified_mla_attention', 'vllm::unified_mla_attention_with_output', 'vllm::mamba_mixer2', 'vllm::mamba_mixer', 'vllm::short_conv', 'vllm::linear_attention', 'vllm::plamo2_mamba_mixer', 'vllm::gdn_attention_core', 'vllm::kda_attention', 'vllm::sparse_attn_indexer'], 'compile_mm_encoder': False, 'compile_sizes': [], 'compile_ranges_split_points': [8192], 'inductor_compile_config': {'enable_auto_functionalized_v2': False, 'combo_kernels': True, 'benchmark_combo_kernel': True}, 'inductor_passes': {}, 'cudagraph_mode': <CUDAGraphMode.FULL_AND_PIECEWISE: (2, 1)>, 'cudagraph_num_of_warmups': 1, 'cudagraph_capture_sizes': [1, 2, 4, 8, 16, 24, 32, 40, 48, 56, 64, 72, 80, 88, 96, 104, 112, 120, 128, 136, 144, 152, 160, 168, 176, 184, 192, 200, 208, 216, 224, 232, 240, 248, 256, 272, 288, 304, 320, 336, 352, 368, 384, 400, 416, 432, 448, 464, 480, 496, 512], 'cudagraph_copy_inputs': False, 'cudagraph_specialize_lora': True, 'use_inductor_graph_partition': False, 'pass_config': {'fuse_norm_quant': False, 'fuse_act_quant': False, 'fuse_attn_quant': False, 'eliminate_noops': True, 'enable_sp': False, 'fuse_gemm_comms': False, 'fuse_allreduce_rms': False}, 'max_cudagraph_capture_size': 512, 'dynamic_shapes_config': {'type': <DynamicShapesType.BACKED: 'backed'>, 'evaluate_guards': False}, 'local_cache_dir': None}
[36m(MultiNodeVLLMEngine pid=218511, ip=192.168.32.75)[0m [0;36m(EngineCore_DP0 pid=227804)[0;0m WARNING 12-22 17:11:54 [ray_utils.py:331] Tensor parallel size (16) exceeds available GPUs (0). This may result in Ray placement group allocation failures. Consider reducing tensor_parallel_size to 0 or less, or ensure your Ray cluster has 16 GPUs available.
[36m(MultiNodeVLLMEngine pid=218511, ip=192.168.32.75)[0m [0;36m(EngineCore_DP0 pid=227804)[0;0m INFO 12-22 17:11:54 [ray_utils.py:396] No current placement group found. Creating a new placement group.
[36m(MultiNodeVLLMEngine pid=218511, ip=192.168.32.75)[0m [0;36m(EngineCore_DP0 pid=227804)[0;0m WARNING 12-22 17:11:56 [ray_utils.py:207] tensor_parallel_size=16 is bigger than a reserved number of GPUs (8 GPUs) in a node b65e41b86aa3f6532188d46c1147678096b34d000754c738090ffa4a. Tensor parallel workers can be spread out to 2+ nodes which can degrade the performance unless you have fast interconnect across nodes, like Infiniband. To resolve this issue, make sure you have more than 16 GPUs available at each node.
[36m(MultiNodeVLLMEngine pid=218511, ip=192.168.32.75)[0m [0;36m(EngineCore_DP0 pid=227804)[0;0m WARNING 12-22 17:11:56 [ray_utils.py:207] tensor_parallel_size=16 is bigger than a reserved number of GPUs (8 GPUs) in a node 0c0aab9eb8f21585a2e1769bc0d5243c23fd5c5eb6afc79a16217ce5. Tensor parallel workers can be spread out to 2+ nodes which can degrade the performance unless you have fast interconnect across nodes, like Infiniband. To resolve this issue, make sure you have more than 16 GPUs available at each node.
[36m(MultiNodeVLLMEngine pid=218511, ip=192.168.32.75)[0m [0;36m(EngineCore_DP0 pid=227804)[0;0m INFO 12-22 17:12:04 [ray_env.py:66] RAY_NON_CARRY_OVER_ENV_VARS from config: set()
[36m(MultiNodeVLLMEngine pid=218511, ip=192.168.32.75)[0m [0;36m(EngineCore_DP0 pid=227804)[0;0m INFO 12-22 17:12:04 [ray_env.py:69] Copying the following environment variables to workers: ['CUDA_HOME', 'LD_LIBRARY_PATH', 'VLLM_WORKER_MULTIPROC_METHOD']
[36m(MultiNodeVLLMEngine pid=218511, ip=192.168.32.75)[0m [0;36m(EngineCore_DP0 pid=227804)[0;0m INFO 12-22 17:12:04 [ray_env.py:74] If certain env vars should NOT be copied, add them to /root/.config/vllm/ray_non_carry_over_env_vars.json file
INFO:     127.0.0.1:51904 - "POST /api/v1/retrieve_future HTTP/1.1" 200 OK
[36m(MultiNodeVLLMEngine pid=218511, ip=192.168.32.75)[0m [0;36m(EngineCore_DP0 pid=227804)[0;0m [36m(RayWorkerWrapper pid=228049)[0m Loading safetensors checkpoint shards:   8% Completed | 5/62 [00:54<10:26, 10.99s/it]
[36m(MultiNodeVLLMEngine pid=218511, ip=192.168.32.75)[0m [0;36m(EngineCore_DP0 pid=227804)[0;0m [36m(RayWorkerWrapper pid=228049)[0m Loading safetensors checkpoint shards:  10% Completed | 6/62 [01:05<10:13, 10.95s/it]
[36m(MultiNodeVLLMEngine pid=218511, ip=192.168.32.75)[0m [0;36m(EngineCore_DP0 pid=227804)[0;0m [36m(RayWorkerWrapper pid=228049)[0m Loading safetensors checkpoint shards:  11% Completed | 7/62 [01:16<09:55, 10.82s/it]
[36m(MultiNodeVLLMEngine pid=218511, ip=192.168.32.75)[0m [0;36m(EngineCore_DP0 pid=227804)[0;0m [36m(RayWorkerWrapper pid=228049)[0m Loading safetensors checkpoint shards:  13% Completed | 8/62 [01:26<09:41, 10.77s/it]
[36m(MultiNodeVLLMEngine pid=218511, ip=192.168.32.75)[0m [0;36m(EngineCore_DP0 pid=227804)[0;0m [36m(RayWorkerWrapper pid=228049)[0m Loading safetensors checkpoint shards:  15% Completed | 9/62 [01:27<06:36,  7.47s/it]
[36m(MultiNodeVLLMEngine pid=218511, ip=192.168.32.75)[0m [0;36m(EngineCore_DP0 pid=227804)[0;0m [36m(RayWorkerWrapper pid=228049)[0m Loading safetensors checkpoint shards:  16% Completed | 10/62 [01:37<07:14,  8.35s/it]
[36m(MultiNodeVLLMEngine pid=218511, ip=192.168.32.75)[0m [0;36m(EngineCore_DP0 pid=227804)[0;0m [36m(RayWorkerWrapper pid=228049)[0m Loading safetensors checkpoint shards:  18% Completed | 11/62 [01:37<04:59,  5.87s/it]
[36m(MultiNodeVLLMEngine pid=218511, ip=192.168.32.75)[0m [0;36m(EngineCore_DP0 pid=227804)[0;0m [36m(RayWorkerWrapper pid=228049)[0m Loading safetensors checkpoint shards:  19% Completed | 12/62 [01:47<05:59,  7.18s/it]
[36m(MultiNodeVLLMEngine pid=218511, ip=192.168.32.75)[0m [0;36m(EngineCore_DP0 pid=227804)[0;0m [36m(RayWorkerWrapper pid=228049)[0m Loading safetensors checkpoint shards:  21% Completed | 13/62 [01:58<06:38,  8.13s/it]
[36m(MultiNodeVLLMEngine pid=218511, ip=192.168.32.75)[0m [0;36m(EngineCore_DP0 pid=227804)[0;0m [36m(RayWorkerWrapper pid=228049)[0m Loading safetensors checkpoint shards:  23% Completed | 14/62 [02:08<07:06,  8.88s/it]
[36m(MultiNodeVLLMEngine pid=218511, ip=192.168.32.75)[0m [0;36m(EngineCore_DP0 pid=227804)[0;0m [36m(RayWorkerWrapper pid=228049)[0m Loading safetensors checkpoint shards:  24% Completed | 15/62 [02:20<07:36,  9.70s/it]
[36m(MultiNodeVLLMEngine pid=218511, ip=192.168.32.75)[0m [0;36m(EngineCore_DP0 pid=227804)[0;0m [36m(RayWorkerWrapper pid=228049)[0m Loading safetensors checkpoint shards:  26% Completed | 16/62 [02:32<07:53, 10.29s/it]
[36m(MultiNodeVLLMEngine pid=218511, ip=192.168.32.75)[0m [0;36m(EngineCore_DP0 pid=227804)[0;0m [36m(RayWorkerWrapper pid=228049)[0m Loading safetensors checkpoint shards:  27% Completed | 17/62 [02:43<08:02, 10.73s/it]
[36m(MultiNodeVLLMEngine pid=218511, ip=192.168.32.75)[0m [0;36m(EngineCore_DP0 pid=227804)[0;0m [36m(RayWorkerWrapper pid=228049)[0m Loading safetensors checkpoint shards:  29% Completed | 18/62 [02:55<08:05, 11.02s/it]
[36m(MultiNodeVLLMEngine pid=218511, ip=192.168.32.75)[0m [0;36m(EngineCore_DP0 pid=227804)[0;0m [36m(RayWorkerWrapper pid=228049)[0m Loading safetensors checkpoint shards:  31% Completed | 19/62 [03:07<08:02, 11.21s/it]
[36m(MultiNodeVLLMEngine pid=218511, ip=192.168.32.75)[0m [0;36m(EngineCore_DP0 pid=227804)[0;0m [36m(RayWorkerWrapper pid=228049)[0m Loading safetensors checkpoint shards:  32% Completed | 20/62 [03:18<07:56, 11.34s/it]
[36m(MultiNodeVLLMEngine pid=218511, ip=192.168.32.75)[0m [0;36m(EngineCore_DP0 pid=227804)[0;0m [36m(RayWorkerWrapper pid=228049)[0m Loading safetensors checkpoint shards:  34% Completed | 21/62 [03:30<07:51, 11.50s/it]
[36m(MultiNodeVLLMEngine pid=218511, ip=192.168.32.75)[0m [0;36m(EngineCore_DP0 pid=227804)[0;0m [36m(RayWorkerWrapper pid=228049)[0m Loading safetensors checkpoint shards:  35% Completed | 22/62 [03:42<07:40, 11.52s/it]
[36m(MultiNodeVLLMEngine pid=218511, ip=192.168.32.75)[0m [0;36m(EngineCore_DP0 pid=227804)[0;0m [36m(RayWorkerWrapper pid=228049)[0m Loading safetensors checkpoint shards:  37% Completed | 23/62 [03:53<07:30, 11.56s/it]
[36m(MultiNodeVLLMEngine pid=218511, ip=192.168.32.75)[0m [0;36m(EngineCore_DP0 pid=227804)[0;0m [36m(RayWorkerWrapper pid=228049)[0m Loading safetensors checkpoint shards:  39% Completed | 24/62 [04:05<07:19, 11.57s/it]
[36m(MultiNodeVLLMEngine pid=218511, ip=192.168.32.75)[0m [0;36m(EngineCore_DP0 pid=227804)[0;0m [36m(RayWorkerWrapper pid=228049)[0m Loading safetensors checkpoint shards:  40% Completed | 25/62 [04:17<07:09, 11.60s/it]
[36m(MultiNodeVLLMEngine pid=218511, ip=192.168.32.75)[0m [0;36m(EngineCore_DP0 pid=227804)[0;0m [36m(RayWorkerWrapper pid=228049)[0m Loading safetensors checkpoint shards:  42% Completed | 26/62 [04:28<06:59, 11.64s/it]
[36m(MultiNodeVLLMEngine pid=218511, ip=192.168.32.75)[0m [0;36m(EngineCore_DP0 pid=227804)[0;0m [36m(RayWorkerWrapper pid=228049)[0m Loading safetensors checkpoint shards:  44% Completed | 27/62 [04:40<06:48, 11.66s/it]
[36m(MultiNodeVLLMEngine pid=218511, ip=192.168.32.75)[0m [0;36m(EngineCore_DP0 pid=227804)[0;0m [36m(RayWorkerWrapper pid=228049)[0m Loading safetensors checkpoint shards:  45% Completed | 28/62 [04:52<06:35, 11.62s/it]
[36m(MultiNodeVLLMEngine pid=218511, ip=192.168.32.75)[0m [0;36m(EngineCore_DP0 pid=227804)[0;0m [36m(RayWorkerWrapper pid=228049)[0m Loading safetensors checkpoint shards:  47% Completed | 29/62 [05:03<06:24, 11.65s/it]
[36m(MultiNodeVLLMEngine pid=218511, ip=192.168.32.75)[0m [0;36m(EngineCore_DP0 pid=227804)[0;0m [36m(RayWorkerWrapper pid=228049)[0m Loading safetensors checkpoint shards:  48% Completed | 30/62 [05:15<06:14, 11.70s/it]
[36m(MultiNodeVLLMEngine pid=218511, ip=192.168.32.75)[0m [0;36m(EngineCore_DP0 pid=227804)[0;0m [36m(RayWorkerWrapper pid=228049)[0m Loading safetensors checkpoint shards:  50% Completed | 31/62 [05:27<06:03, 11.72s/it]
[36m(MultiNodeVLLMEngine pid=218511, ip=192.168.32.75)[0m [0;36m(EngineCore_DP0 pid=227804)[0;0m [36m(RayWorkerWrapper pid=228049)[0m Loading safetensors checkpoint shards:  52% Completed | 32/62 [05:39<05:50, 11.69s/it]
INFO:     127.0.0.1:44492 - "POST /api/v1/create_model HTTP/1.1" 422 Unprocessable Entity
INFO:     127.0.0.1:60576 - "POST /api/v1/create_model HTTP/1.1" 200 OK
[36m(pid=29551)[0m W1222 17:18:53.246000 29551 torch/utils/cpp_extension.py:117] No CUDA runtime is found, using CUDA_HOME='/usr/local/cuda'
INFO:     127.0.0.1:59960 - "POST /api/v1/retrieve_future HTTP/1.1" 408 Request Timeout
[36m(MegatronRankWorker pid=210174, ip=192.168.32.76)[0m WARNING:2025-12-22 17:19:09,120:fused_indices_to_multihot has reached end of life. Please migrate to a non-experimental function.
[36m(MegatronRankWorker pid=194083, ip=192.168.32.77)[0m You are using a model of type kimi_k2 to instantiate a model of type deepseek_v3. This is not supported for all configurations of models and can yield errors.
[36m(MegatronRankWorker pid=209836, ip=192.168.32.81)[0m WARNING:2025-12-22 17:19:09,680:fused_indices_to_multihot has reached end of life. Please migrate to a non-experimental function.[32m [repeated 63x across cluster][0m
[36m(MegatronRankWorker pid=194081, ip=192.168.32.77)[0m /usr/local/lib/python3.10/dist-packages/modelopt/torch/__init__.py:36: UserWarning: transformers version 4.57.1 is incompatible with nvidia-modelopt and may cause issues. Please install recommended version with `pip install nvidia-modelopt[hf]` if working with HF models.
[36m(MegatronRankWorker pid=194081, ip=192.168.32.77)[0m   _warnings.warn(
[36m(MegatronRankWorker pid=209840, ip=192.168.32.81)[0m `torch_dtype` is deprecated! Use `dtype` instead!
[36m(MegatronRankWorker pid=203257, ip=192.168.32.80)[0m /usr/local/lib/python3.10/dist-packages/transformer_engine/pytorch/module/base.py:1125: UserWarning: To guarantee overlapping TP and SP collectives with the backwardGEMMs, set environment variable CUDA_DEVICE_MAX_CONNECTIONS = 1
[36m(MegatronRankWorker pid=203257, ip=192.168.32.80)[0m   warnings.warn(
[36m(MegatronRankWorker pid=209840, ip=192.168.32.81)[0m WARNING:2025-12-22 17:19:26,938:WARNING: Can't find the following HF parameters in hf_keys: ['model.layers.1.mlp.experts.48.gate_proj.weight', 'model.layers.1.mlp.experts.48.up_proj.weight']
[36m(MegatronRankWorker pid=209840, ip=192.168.32.81)[0m WARNING:2025-12-22 17:19:26,943:WARNING: Can't find the following HF parameters in hf_keys: ['model.layers.1.mlp.experts.49.gate_proj.weight', 'model.layers.1.mlp.experts.49.up_proj.weight']
[36m(MegatronRankWorker pid=209840, ip=192.168.32.81)[0m WARNING:2025-12-22 17:19:26,949:WARNING: Can't find the following HF parameters in hf_keys: ['model.layers.1.mlp.experts.50.gate_proj.weight', 'model.layers.1.mlp.experts.50.up_proj.weight']
[36m(MegatronRankWorker pid=209840, ip=192.168.32.81)[0m WARNING:2025-12-22 17:19:26,954:WARNING: Can't find the following HF parameters in hf_keys: ['model.layers.1.mlp.experts.51.gate_proj.weight', 'model.layers.1.mlp.experts.51.up_proj.weight']
[36m(MegatronRankWorker pid=203260, ip=192.168.32.80)[0m You are using a model of type kimi_k2 to instantiate a model of type deepseek_v3. This is not supported for all configurations of models and can yield errors.[32m [repeated 319x across cluster][0m
[36m(MegatronRankWorker pid=232160, ip=192.168.32.75)[0m /usr/local/lib/python3.10/dist-packages/modelopt/torch/__init__.py:36: UserWarning: transformers version 4.57.1 is incompatible with nvidia-modelopt and may cause issues. Please install recommended version with `pip install nvidia-modelopt[hf]` if working with HF models.[32m [repeated 63x across cluster][0m
[36m(MegatronRankWorker pid=232160, ip=192.168.32.75)[0m   _warnings.warn([32m [repeated 63x across cluster][0m
[36m(MegatronRankWorker pid=203260, ip=192.168.32.80)[0m `torch_dtype` is deprecated! Use `dtype` instead![32m [repeated 63x across cluster][0m
[36m(MegatronRankWorker pid=203260, ip=192.168.32.80)[0m /usr/local/lib/python3.10/dist-packages/transformer_engine/pytorch/module/base.py:1125: UserWarning: To guarantee overlapping TP and SP collectives with the backwardGEMMs, set environment variable CUDA_DEVICE_MAX_CONNECTIONS = 1[32m [repeated 63x across cluster][0m
[36m(MegatronRankWorker pid=203260, ip=192.168.32.80)[0m   warnings.warn([32m [repeated 63x across cluster][0m
[36m(MegatronRankWorker pid=209840, ip=192.168.32.81)[0m WARNING:2025-12-22 17:19:26,960:WARNING: Can't find the following HF parameters in hf_keys: ['model.layers.1.mlp.experts.52.gate_proj.weight', 'model.layers.1.mlp.experts.52.up_proj.weight']
[36m(MegatronRankWorker pid=209840, ip=192.168.32.81)[0m WARNING:2025-12-22 17:19:26,965:WARNING: Can't find the following HF parameters in hf_keys: ['model.layers.1.mlp.experts.53.gate_proj.weight', 'model.layers.1.mlp.experts.53.up_proj.weight']
[36m(MegatronRankWorker pid=209840, ip=192.168.32.81)[0m WARNING:2025-12-22 17:19:26,971:WARNING: Can't find the following HF parameters in hf_keys: ['model.layers.1.mlp.experts.54.gate_proj.weight', 'model.layers.1.mlp.experts.54.up_proj.weight']
[36m(MegatronRankWorker pid=209840, ip=192.168.32.81)[0m WARNING:2025-12-22 17:19:26,976:WARNING: Can't find the following HF parameters in hf_keys: ['model.layers.1.mlp.experts.55.gate_proj.weight', 'model.layers.1.mlp.experts.55.up_proj.weight']
[36m(MegatronRankWorker pid=209840, ip=192.168.32.81)[0m WARNING:2025-12-22 17:19:26,982:WARNING: Can't find the following HF parameters in hf_keys: ['model.layers.1.mlp.experts.56.gate_proj.weight', 'model.layers.1.mlp.experts.56.up_proj.weight']
[36m(MegatronRankWorker pid=196975, ip=192.168.32.79)[0m WARNING:2025-12-22 17:19:27,111:WARNING: Can't find model.layers.1.mlp.experts.0.down_proj.weight in hf_keys
[36m(MegatronRankWorker pid=196975, ip=192.168.32.79)[0m WARNING:2025-12-22 17:19:27,113:WARNING: Can't find model.layers.1.mlp.experts.1.down_proj.weight in hf_keys
[36m(MegatronRankWorker pid=196975, ip=192.168.32.79)[0m WARNING:2025-12-22 17:19:27,115:WARNING: Can't find model.layers.1.mlp.experts.2.down_proj.weight in hf_keys
[36m(MegatronRankWorker pid=196975, ip=192.168.32.79)[0m WARNING:2025-12-22 17:19:27,118:WARNING: Can't find model.layers.1.mlp.experts.3.down_proj.weight in hf_keys
[36m(MegatronRankWorker pid=196975, ip=192.168.32.79)[0m WARNING:2025-12-22 17:19:27,120:WARNING: Can't find model.layers.1.mlp.experts.4.down_proj.weight in hf_keys
[36m(MegatronRankWorker pid=196975, ip=192.168.32.79)[0m WARNING:2025-12-22 17:19:27,122:WARNING: Can't find model.layers.1.mlp.experts.5.down_proj.weight in hf_keys
[36m(MegatronRankWorker pid=196975, ip=192.168.32.79)[0m WARNING:2025-12-22 17:19:27,124:WARNING: Can't find model.layers.1.mlp.experts.6.down_proj.weight in hf_keys
[36m(MegatronRankWorker pid=196975, ip=192.168.32.79)[0m WARNING:2025-12-22 17:19:27,126:WARNING: Can't find model.layers.1.mlp.experts.7.down_proj.weight in hf_keys
[36m(MegatronRankWorker pid=196975, ip=192.168.32.79)[0m WARNING:2025-12-22 17:19:27,128:WARNING: Can't find model.layers.1.mlp.experts.8.down_proj.weight in hf_keys
[36m(MegatronRankWorker pid=196975, ip=192.168.32.79)[0m WARNING:2025-12-22 17:19:27,130:WARNING: Can't find model.layers.1.mlp.experts.9.down_proj.weight in hf_keys
[36m(MegatronRankWorker pid=196975, ip=192.168.32.79)[0m WARNING:2025-12-22 17:19:27,132:WARNING: Can't find model.layers.1.mlp.experts.10.down_proj.weight in hf_keys
[36m(MegatronRankWorker pid=196975, ip=192.168.32.79)[0m WARNING:2025-12-22 17:19:27,135:WARNING: Can't find model.layers.1.mlp.experts.11.down_proj.weight in hf_keys
[36m(MegatronRankWorker pid=196975, ip=192.168.32.79)[0m WARNING:2025-12-22 17:19:27,137:WARNING: Can't find model.layers.1.mlp.experts.12.down_proj.weight in hf_keys
[36m(MegatronRankWorker pid=196975, ip=192.168.32.79)[0m WARNING:2025-12-22 17:19:27,139:WARNING: Can't find model.layers.1.mlp.experts.13.down_proj.weight in hf_keys
[36m(MegatronRankWorker pid=196975, ip=192.168.32.79)[0m WARNING:2025-12-22 17:19:27,141:WARNING: Can't find model.layers.1.mlp.experts.14.down_proj.weight in hf_keys
[36m(MegatronRankWorker pid=196975, ip=192.168.32.79)[0m WARNING:2025-12-22 17:19:27,143:WARNING: Can't find model.layers.1.mlp.experts.15.down_proj.weight in hf_keys
[36m(MegatronRankWorker pid=196975, ip=192.168.32.79)[0m WARNING:2025-12-22 17:19:27,145:WARNING: Can't find model.layers.1.mlp.experts.16.down_proj.weight in hf_keys
[36m(MegatronRankWorker pid=196975, ip=192.168.32.79)[0m WARNING:2025-12-22 17:19:27,148:WARNING: Can't find model.layers.1.mlp.experts.17.down_proj.weight in hf_keys
[36m(MegatronRankWorker pid=196975, ip=192.168.32.79)[0m WARNING:2025-12-22 17:19:27,150:WARNING: Can't find model.layers.1.mlp.experts.18.down_proj.weight in hf_keys
[36m(MegatronRankWorker pid=196975, ip=192.168.32.79)[0m WARNING:2025-12-22 17:19:27,152:WARNING: Can't find model.layers.1.mlp.experts.19.down_proj.weight in hf_keys
[36m(MegatronRankWorker pid=196975, ip=192.168.32.79)[0m WARNING:2025-12-22 17:19:27,154:WARNING: Can't find model.layers.1.mlp.experts.20.down_proj.weight in hf_keys
[36m(MegatronRankWorker pid=196975, ip=192.168.32.79)[0m WARNING:2025-12-22 17:19:27,156:WARNING: Can't find model.layers.1.mlp.experts.21.down_proj.weight in hf_keys
[36m(MegatronRankWorker pid=196975, ip=192.168.32.79)[0m WARNING:2025-12-22 17:19:27,159:WARNING: Can't find model.layers.1.mlp.experts.22.down_proj.weight in hf_keys
[36m(MegatronRankWorker pid=196975, ip=192.168.32.79)[0m WARNING:2025-12-22 17:19:27,161:WARNING: Can't find model.layers.1.mlp.experts.23.down_proj.weight in hf_keys
[36m(MegatronRankWorker pid=196975, ip=192.168.32.79)[0m WARNING:2025-12-22 17:19:27,163:WARNING: Can't find model.layers.1.mlp.experts.24.down_proj.weight in hf_keys
[36m(MegatronRankWorker pid=196975, ip=192.168.32.79)[0m WARNING:2025-12-22 17:19:27,165:WARNING: Can't find model.layers.1.mlp.experts.25.down_proj.weight in hf_keys
[36m(MegatronRankWorker pid=196975, ip=192.168.32.79)[0m WARNING:2025-12-22 17:19:27,167:WARNING: Can't find model.layers.1.mlp.experts.26.down_proj.weight in hf_keys
[36m(MegatronRankWorker pid=196975, ip=192.168.32.79)[0m WARNING:2025-12-22 17:19:27,170:WARNING: Can't find model.layers.1.mlp.experts.27.down_proj.weight in hf_keys
[36m(MegatronRankWorker pid=194081, ip=192.168.32.77)[0m [Gloo] Rank 5 is connected to 7 peer ranks. Expected number of connected peer ranks is : 7
[36m(MegatronRankWorker pid=209840, ip=192.168.32.81)[0m Enabling LORA with rank=32, alpha=64, dropout=0.0
[36m(MegatronRankWorker pid=196975, ip=192.168.32.79)[0m  > number of parameters on (tensor, pipeline) model parallel rank (7, 0): 18287021056
[36m(MegatronRankWorker pid=194080, ip=192.168.32.77)[0m [Gloo] Rank 0 is connected to 0 peer ranks. Expected number of connected peer ranks is : 0[32m [repeated 191x across cluster][0m
[36m(MegatronRankWorker pid=209963, ip=192.168.32.76)[0m 
[36m(MegatronRankWorker pid=209963, ip=192.168.32.76)[0m ============================================================
[36m(MegatronRankWorker pid=209963, ip=192.168.32.76)[0m PEFT Adapter Information:
[36m(MegatronRankWorker pid=209963, ip=192.168.32.76)[0m   Total parameters:     18,287,021,056
[36m(MegatronRankWorker pid=209963, ip=192.168.32.76)[0m   Adapter parameters:   13,856,768
[36m(MegatronRankWorker pid=209963, ip=192.168.32.76)[0m   Trainable percentage: 0.08%
[36m(MegatronRankWorker pid=209963, ip=192.168.32.76)[0m ============================================================
[36m(MegatronRankWorker pid=209963, ip=192.168.32.76)[0m 
[36m(MegatronRankWorker pid=196975, ip=192.168.32.79)[0m module: 1
[36m(MegatronRankWorker pid=203260, ip=192.168.32.80)[0m Enabling LORA with rank=32, alpha=64, dropout=0.0[32m [repeated 63x across cluster][0m
INFO:     127.0.0.1:46952 - "POST /api/v1/retrieve_future HTTP/1.1" 408 Request Timeout
[36m(MegatronRankWorker pid=203262, ip=192.168.32.80)[0m WARNING:2025-12-22 17:19:31,953:WARNING: Can't find the following HF parameters in hf_keys: ['model.layers.9.mlp.experts.176.gate_proj.weight', 'model.layers.9.mlp.experts.176.up_proj.weight'][32m [repeated 25682x across cluster][0m
[36m(MegatronRankWorker pid=232160, ip=192.168.32.75)[0m WARNING:2025-12-22 17:19:32,111:WARNING: Can't find model.layers.8.mlp.experts.307.down_proj.weight in hf_keys[32m [repeated 25278x across cluster][0m
[36m(MegatronRankWorker pid=232157, ip=192.168.32.75)[0m WARNING:2025-12-22 17:19:36,956:WARNING: Can't find the following HF parameters in hf_keys: ['model.layers.19.mlp.experts.324.gate_proj.weight', 'model.layers.19.mlp.experts.324.up_proj.weight'][32m [repeated 35582x across cluster][0m
[36m(MegatronRankWorker pid=232158, ip=192.168.32.75)[0m WARNING:2025-12-22 17:19:37,111:WARNING: Can't find model.layers.19.mlp.experts.211.down_proj.weight in hf_keys[32m [repeated 35600x across cluster][0m
[36m(MegatronRankWorker pid=209838, ip=192.168.32.81)[0m WARNING:2025-12-22 17:19:41,954:WARNING: Can't find the following HF parameters in hf_keys: ['model.layers.23.mlp.experts.74.gate_proj.weight', 'model.layers.23.mlp.experts.74.up_proj.weight'][32m [repeated 35202x across cluster][0m
[36m(MegatronRankWorker pid=195867, ip=192.168.32.83)[0m WARNING:2025-12-22 17:19:42,113:WARNING: Can't find model.layers.32.mlp.experts.363.down_proj.weight in hf_keys[32m [repeated 35150x across cluster][0m
[36m(MegatronRankWorker pid=200386, ip=192.168.32.82)[0m WARNING:2025-12-22 17:19:46,953:WARNING: Can't find the following HF parameters in hf_keys: ['model.layers.41.mlp.experts.232.gate_proj.weight', 'model.layers.41.mlp.experts.232.up_proj.weight'][32m [repeated 34815x across cluster][0m
[36m(MegatronRankWorker pid=232156, ip=192.168.32.75)[0m WARNING:2025-12-22 17:19:47,113:WARNING: Can't find model.layers.41.mlp.experts.300.down_proj.weight in hf_keys[32m [repeated 34902x across cluster][0m
INFO:     127.0.0.1:47812 - "POST /api/v1/retrieve_future HTTP/1.1" 408 Request Timeout
[36m(MegatronRankWorker pid=209841, ip=192.168.32.81)[0m WARNING:2025-12-22 17:19:51,954:WARNING: Can't find the following HF parameters in hf_keys: ['model.layers.57.mlp.experts.70.gate_proj.weight', 'model.layers.57.mlp.experts.70.up_proj.weight'][32m [repeated 33370x across cluster][0m
[36m(MegatronRankWorker pid=209841, ip=192.168.32.81)[0m WARNING:2025-12-22 17:19:52,113:WARNING: Can't find model.layers.57.mlp.experts.53.down_proj.weight in hf_keys[32m [repeated 33272x across cluster][0m
[36m(MegatronRankWorker pid=209838, ip=192.168.32.81)[0m WARNING:2025-12-22 17:19:56,954:WARNING: Can't find the following HF parameters in hf_keys: ['model.layers.52.mlp.experts.95.gate_proj.weight', 'model.layers.52.mlp.experts.95.up_proj.weight'][32m [repeated 17803x across cluster][0m
[36m(MegatronRankWorker pid=196977, ip=192.168.32.79)[0m WARNING:2025-12-22 17:19:57,116:WARNING: Can't find model.layers.59.mlp.experts.38.down_proj.weight in hf_keys[32m [repeated 18209x across cluster][0m
[36m(MegatronRankWorker pid=210174, ip=192.168.32.76)[0m WARNING:2025-12-22 17:20:01,798:WARNING: Can't find the following HF parameters in hf_keys: ['model.layers.60.mlp.experts.143.gate_proj.weight', 'model.layers.60.mlp.experts.143.up_proj.weight'][32m [repeated 1857x across cluster][0m
INFO:     127.0.0.1:40878 - "POST /api/v1/retrieve_future HTTP/1.1" 408 Request Timeout
[36m(MegatronRankWorker pid=203263, ip=192.168.32.80)[0m /vePFS-Mindverse/share/code/verl/verl/utils/megatron_utils.py:416: UserWarning: TypedStorage is deprecated. It will be removed in the future and UntypedStorage will be the only storage class. This should only matter to you if you are using storages directly.  To access UntypedStorage directly, use tensor.untyped_storage() instead of tensor.storage()
[36m(MegatronRankWorker pid=203263, ip=192.168.32.80)[0m   if buffer.param_data is not None and buffer.param_data.storage().size() > 0:
[36m(MegatronRankWorker pid=210174, ip=192.168.32.76)[0m WARNING:2025-12-22 17:20:01,900:WARNING: Can't find model.layers.60.mlp.experts.143.down_proj.weight in hf_keys[32m [repeated 1881x across cluster][0m
[36m(MegatronRankWorker pid=200385, ip=192.168.32.82)[0m 
[36m(MegatronRankWorker pid=196974, ip=192.168.32.79)[0m  > number of parameters on (tensor, pipeline) model parallel rank (1, 0): 18287021056[32m [repeated 7x across cluster][0m
[36m(MegatronRankWorker pid=195870, ip=192.168.32.83)[0m module: 1[32m [repeated 63x across cluster][0m
[36m(MegatronRankWorker pid=232162, ip=192.168.32.75)[0m 
[36m(MegatronRankWorker pid=232156, ip=192.168.32.75)[0m 
[36m(MegatronRankWorker pid=232161, ip=192.168.32.75)[0m 
[36m(MegatronRankWorker pid=232155, ip=192.168.32.75)[0m 
[36m(MegatronRankWorker pid=232159, ip=192.168.32.75)[0m 
[36m(MegatronRankWorker pid=232157, ip=192.168.32.75)[0m 
[36m(MegatronRankWorker pid=232160, ip=192.168.32.75)[0m 
[36m(MegatronRankWorker pid=195866, ip=192.168.32.83)[0m 
[36m(MegatronRankWorker pid=195873, ip=192.168.32.83)[0m 
[36m(MegatronRankWorker pid=195868, ip=192.168.32.83)[0m 
[36m(MegatronRankWorker pid=195872, ip=192.168.32.83)[0m 
[36m(MegatronRankWorker pid=195871, ip=192.168.32.83)[0m 
[36m(MegatronRankWorker pid=195867, ip=192.168.32.83)[0m 
[36m(MegatronRankWorker pid=195870, ip=192.168.32.83)[0m 
[36m(MegatronRankWorker pid=195869, ip=192.168.32.83)[0m 
[36m(MegatronRankWorker pid=203263, ip=192.168.32.80)[0m 
[36m(MegatronRankWorker pid=203262, ip=192.168.32.80)[0m 
[36m(MegatronRankWorker pid=203256, ip=192.168.32.80)[0m 
[36m(MegatronRankWorker pid=203261, ip=192.168.32.80)[0m 
[36m(MegatronRankWorker pid=203258, ip=192.168.32.80)[0m 
[36m(MegatronRankWorker pid=203260, ip=192.168.32.80)[0m 
[36m(MegatronRankWorker pid=203257, ip=192.168.32.80)[0m 
[36m(MegatronRankWorker pid=203259, ip=192.168.32.80)[0m 
[36m(MegatronRankWorker pid=194085, ip=192.168.32.77)[0m 
[36m(MegatronRankWorker pid=194082, ip=192.168.32.77)[0m 
[36m(MegatronRankWorker pid=194086, ip=192.168.32.77)[0m 
[36m(MegatronRankWorker pid=194079, ip=192.168.32.77)[0m 
[36m(MegatronRankWorker pid=194083, ip=192.168.32.77)[0m 
[36m(MegatronRankWorker pid=194084, ip=192.168.32.77)[0m 
[36m(MegatronRankWorker pid=194080, ip=192.168.32.77)[0m 
[36m(MegatronRankWorker pid=194081, ip=192.168.32.77)[0m 
[36m(MegatronRankWorker pid=232158, ip=192.168.32.75)[0m 
[36m(MegatronRankWorker pid=200382, ip=192.168.32.82)[0m 
[36m(MegatronRankWorker pid=200381, ip=192.168.32.82)[0m 
[36m(MegatronRankWorker pid=200384, ip=192.168.32.82)[0m 
[36m(MegatronRankWorker pid=200387, ip=192.168.32.82)[0m 
[36m(MegatronRankWorker pid=200383, ip=192.168.32.82)[0m 
[36m(MegatronRankWorker pid=200386, ip=192.168.32.82)[0m 
[36m(MegatronRankWorker pid=200388, ip=192.168.32.82)[0m 
[36m(MegatronRankWorker pid=209963, ip=192.168.32.76)[0m Loading from /vePFS-Mindverse/share/huggingface/hub/models--moonshotai… … DeepS…
[36m(MegatronRankWorker pid=196976, ip=192.168.32.79)[0m 
[36m(MegatronRankWorker pid=196974, ip=192.168.32.79)[0m 
[36m(MegatronRankWorker pid=196977, ip=192.168.32.79)[0m 
[36m(MegatronRankWorker pid=196972, ip=192.168.32.79)[0m 
[36m(MegatronRankWorker pid=196973, ip=192.168.32.79)[0m 
[36m(MegatronRankWorker pid=196979, ip=192.168.32.79)[0m 
[36m(MegatronRankWorker pid=196975, ip=192.168.32.79)[0m 
[36m(MegatronRankWorker pid=209963, ip=192.168.32.76)[0m DistributedDataParallel contains 18.29B parameters
[36m(MegatronRankWorker pid=209963, ip=192.168.32.76)[0m optimizer config after override: {'optimizer': 'adam', 'lr': 0.0001, 'min_lr': 0.0, 'clip_grad': 1.0, 'weight_decay': 0.01, 'use_distributed_optimizer': True, 'bf16': True, 'params_dtype': torch.bfloat16}
[36m(MegatronRankWorker pid=209840, ip=192.168.32.81)[0m 
[36m(MegatronRankWorker pid=209839, ip=192.168.32.81)[0m 
[36m(MegatronRankWorker pid=209841, ip=192.168.32.81)[0m 
[36m(MegatronRankWorker pid=209836, ip=192.168.32.81)[0m 
[36m(MegatronRankWorker pid=209837, ip=192.168.32.81)[0m 
[36m(MegatronRankWorker pid=209842, ip=192.168.32.81)[0m 
[36m(MegatronRankWorker pid=209843, ip=192.168.32.81)[0m 
[36m(MegatronRankWorker pid=209838, ip=192.168.32.81)[0m 
[36m(MegatronRankWorker pid=210179, ip=192.168.32.76)[0m 
[36m(MegatronRankWorker pid=210175, ip=192.168.32.76)[0m 
[36m(MegatronRankWorker pid=210176, ip=192.168.32.76)[0m 
[36m(MegatronRankWorker pid=210174, ip=192.168.32.76)[0m 
[36m(MegatronRankWorker pid=210177, ip=192.168.32.76)[0m 
[36m(MegatronRankWorker pid=210180, ip=192.168.32.76)[0m 
[36m(MegatronRankWorker pid=210178, ip=192.168.32.76)[0m 
[36m(MegatronRankWorker pid=196978, ip=192.168.32.79)[0m 
INFO:     127.0.0.1:50534 - "POST /api/v1/retrieve_future HTTP/1.1" 200 OK
INFO:     127.0.0.1:52024 - "POST /api/v1/train_step HTTP/1.1" 200 OK
[36m(MegatronRankWorker pid=195866, ip=192.168.32.83)[0m /workspace/Megatron-LM/megatron/core/tensor_parallel/layers.py:730: UserWarning: When using async grad allreduce it is recommended to set the environment variable CUDA_DEVICE_MAX_CONNECTIONS to 1 for maximum speedup
[36m(MegatronRankWorker pid=195866, ip=192.168.32.83)[0m   warnings.warn(
[36m(MegatronRankWorker pid=194081, ip=192.168.32.77)[0m /vePFS-Mindverse/share/code/verl/verl/utils/megatron_utils.py:416: UserWarning: TypedStorage is deprecated. It will be removed in the future and UntypedStorage will be the only storage class. This should only matter to you if you are using storages directly.  To access UntypedStorage directly, use tensor.untyped_storage() instead of tensor.storage()[32m [repeated 63x across cluster][0m
[36m(MegatronRankWorker pid=194081, ip=192.168.32.77)[0m   if buffer.param_data is not None and buffer.param_data.storage().size() > 0:[32m [repeated 63x across cluster][0m
[36m(MegatronRankWorker pid=196976, ip=192.168.32.79)[0m [MLA DEBUG] thd_format=True, qkv_format=thd, q_dim=192, v_dim=128
[36m(MegatronRankWorker pid=196976, ip=192.168.32.79)[0m [MLA DEBUG] PADDED value from 128 to 192
[36m(MegatronRankWorker pid=196976, ip=192.168.32.79)[0m [MLA DEBUG] BEFORE core_attention: query=torch.Size([8, 8, 192]), key=torch.Size([8, 8, 192]), value=torch.Size([8, 8, 192])
[36m(MegatronRankWorker pid=196976, ip=192.168.32.79)[0m [MLA DEBUG] core_attention.hidden_size_per_attention_head_v = 192
INFO:     127.0.0.1:35280 - "POST /api/v1/retrieve_future HTTP/1.1" 408 Request Timeout
[36m(MegatronRankWorker pid=209840, ip=192.168.32.81)[0m [MLA DEBUG] thd_format=True, qkv_format=thd, q_dim=192, v_dim=128[32m [repeated 128x across cluster][0m
[36m(MegatronRankWorker pid=209840, ip=192.168.32.81)[0m [MLA DEBUG] PADDED value from 128 to 192[32m [repeated 128x across cluster][0m
[36m(MegatronRankWorker pid=209840, ip=192.168.32.81)[0m [MLA DEBUG] BEFORE core_attention: query=torch.Size([8, 8, 192]), key=torch.Size([8, 8, 192]), value=torch.Size([8, 8, 192])[32m [repeated 128x across cluster][0m
[36m(MegatronRankWorker pid=209840, ip=192.168.32.81)[0m [MLA DEBUG] core_attention.hidden_size_per_attention_head_v = 192[32m [repeated 128x across cluster][0m
[36m(MegatronRankWorker pid=195866, ip=192.168.32.83)[0m 
INFO:     127.0.0.1:60320 - "POST /api/v1/retrieve_future HTTP/1.1" 408 Request Timeout
INFO:     127.0.0.1:60326 - "POST /api/v1/retrieve_future HTTP/1.1" 408 Request Timeout
INFO:     127.0.0.1:47504 - "POST /api/v1/retrieve_future HTTP/1.1" 200 OK
INFO:     127.0.0.1:56088 - "POST /api/v1/save_weights_for_sampler HTTP/1.1" 200 OK
INFO:     127.0.0.1:35004 - "POST /api/v1/retrieve_future HTTP/1.1" 408 Request Timeout
[36m(MultiNodeVLLMEngine pid=236908, ip=192.168.32.75)[0m W1222 17:26:01.235000 236908 torch/utils/cpp_extension.py:117] No CUDA runtime is found, using CUDA_HOME='/usr/local/cuda'
[36m(MegatronRankWorker pid=232159, ip=192.168.32.75)[0m /workspace/Megatron-LM/megatron/core/tensor_parallel/layers.py:730: UserWarning: When using async grad allreduce it is recommended to set the environment variable CUDA_DEVICE_MAX_CONNECTIONS to 1 for maximum speedup[32m [repeated 63x across cluster][0m
[36m(MegatronRankWorker pid=232159, ip=192.168.32.75)[0m   warnings.warn([32m [repeated 63x across cluster][0m
[36m(MultiNodeVLLMEngine pid=236908, ip=192.168.32.75)[0m [2025-12-22 17:26:02] INFO multinode_inference.py:179: Creating AsyncLLMEngine: TP=16, backend=ray, enable_lora=True
[36m(MultiNodeVLLMEngine pid=236908, ip=192.168.32.75)[0m The argument `trust_remote_code` is to be used with Auto classes. It has no effect here and is ignored.
[36m(MultiNodeVLLMEngine pid=236908, ip=192.168.32.75)[0m You are using a model of type kimi_k2 to instantiate a model of type deepseek_v3. This is not supported for all configurations of models and can yield errors.
[36m(MultiNodeVLLMEngine pid=236908, ip=192.168.32.75)[0m [2025-12-22 17:26:03] INFO tokenization_kimi.py:119: Reloaded tiktoken model from /vePFS-Mindverse/share/huggingface/hub/models--moonshotai--Kimi-K2-Thinking/snapshots/612681931a8c906ddb349f8ad0f582cb552189cd/tiktoken.model
[36m(MultiNodeVLLMEngine pid=236908, ip=192.168.32.75)[0m [2025-12-22 17:26:03] INFO tokenization_kimi.py:125: #words: 163840 - BOS ID: 163584 - EOS ID: 163585
[36m(MultiNodeVLLMEngine pid=236908, ip=192.168.32.75)[0m W1222 17:26:10.596000 237093 torch/utils/cpp_extension.py:117] No CUDA runtime is found, using CUDA_HOME='/usr/local/cuda'
[36m(MultiNodeVLLMEngine pid=236908, ip=192.168.32.75)[0m [0;36m(EngineCore_DP0 pid=237093)[0;0m 2025-12-22 17:26:12,270	INFO worker.py:1691 -- Using address 192.168.32.66:6379 set in the environment variable RAY_ADDRESS
[36m(MultiNodeVLLMEngine pid=236908, ip=192.168.32.75)[0m [0;36m(EngineCore_DP0 pid=237093)[0;0m 2025-12-22 17:26:12,275	INFO worker.py:1832 -- Connecting to existing Ray cluster at address: 192.168.32.66:6379...
[36m(MultiNodeVLLMEngine pid=236908, ip=192.168.32.75)[0m [0;36m(EngineCore_DP0 pid=237093)[0;0m 2025-12-22 17:26:12,285	INFO worker.py:2003 -- Connected to Ray cluster. View the dashboard at [1m[32m192.168.32.66:8265 [39m[22m
[36m(MultiNodeVLLMEngine pid=236908, ip=192.168.32.75)[0m [0;36m(EngineCore_DP0 pid=237093)[0;0m /usr/local/lib/python3.10/dist-packages/ray/_private/worker.py:2051: FutureWarning: Tip: In future versions of Ray, Ray will no longer override accelerator visible devices env var if num_gpus=0 or num_gpus=None (default). To enable this behavior and turn off this error message, set RAY_ACCEL_ENV_VAR_OVERRIDE_ON_ZERO=0
[36m(MultiNodeVLLMEngine pid=236908, ip=192.168.32.75)[0m [0;36m(EngineCore_DP0 pid=237093)[0;0m   warnings.warn(
[36m(MultiNodeVLLMEngine pid=236908, ip=192.168.32.75)[0m [0;36m(EngineCore_DP0 pid=237093)[0;0m [36m(RayWorkerWrapper pid=237339)[0m Loading safetensors checkpoint shards:   0% Completed | 0/62 [00:00<?, ?it/s]
[36m(MultiNodeVLLMEngine pid=236908, ip=192.168.32.75)[0m [0;36m(EngineCore_DP0 pid=237093)[0;0m [36m(RayWorkerWrapper pid=237339)[0m Loading safetensors checkpoint shards:   2% Completed | 1/62 [00:10<10:47, 10.62s/it]
[36m(MultiNodeVLLMEngine pid=236908, ip=192.168.32.75)[0m [0;36m(EngineCore_DP0 pid=237093)[0;0m [36m(RayWorkerWrapper pid=237339)[0m Loading safetensors checkpoint shards:   3% Completed | 2/62 [00:21<10:43, 10.73s/it]
[36m(MultiNodeVLLMEngine pid=236908, ip=192.168.32.75)[0m [0;36m(EngineCore_DP0 pid=237093)[0;0m [36m(RayWorkerWrapper pid=237339)[0m Loading safetensors checkpoint shards:   5% Completed | 3/62 [00:31<10:24, 10.59s/it]
[36m(MultiNodeVLLMEngine pid=236908, ip=192.168.32.75)[0m [0;36m(EngineCore_DP0 pid=237093)[0;0m [36m(RayWorkerWrapper pid=237339)[0m Loading safetensors checkpoint shards:   6% Completed | 4/62 [00:42<10:07, 10.47s/it]
[36m(MultiNodeVLLMEngine pid=236908, ip=192.168.32.75)[0m [0;36m(EngineCore_DP0 pid=237093)[0;0m [36m(RayWorkerWrapper pid=237339)[0m Loading safetensors checkpoint shards:   8% Completed | 5/62 [00:52<09:55, 10.45s/it]
[36m(MultiNodeVLLMEngine pid=236908, ip=192.168.32.75)[0m [0;36m(EngineCore_DP0 pid=237093)[0;0m [36m(RayWorkerWrapper pid=237339)[0m Loading safetensors checkpoint shards:  10% Completed | 6/62 [01:03<09:46, 10.47s/it]
[36m(MultiNodeVLLMEngine pid=236908, ip=192.168.32.75)[0m INFO 12-22 17:26:02 [config.py:373] Replacing legacy 'type' key with 'rope_type'
[36m(MultiNodeVLLMEngine pid=236908, ip=192.168.32.75)[0m INFO 12-22 17:26:02 [model.py:514] Resolved architecture: DeepseekV3ForCausalLM
[36m(MegatronRankWorker pid=209963, ip=192.168.32.76)[0m [MLA DEBUG] thd_format=True, qkv_format=thd, q_dim=192, v_dim=128[32m [repeated 3775x across cluster][0m
[36m(MegatronRankWorker pid=209963, ip=192.168.32.76)[0m [MLA DEBUG] PADDED value from 128 to 192[32m [repeated 3775x across cluster][0m
[36m(MegatronRankWorker pid=209963, ip=192.168.32.76)[0m [MLA DEBUG] BEFORE core_attention: query=torch.Size([8, 8, 192]), key=torch.Size([8, 8, 192]), value=torch.Size([8, 8, 192])[32m [repeated 3775x across cluster][0m
[36m(MegatronRankWorker pid=209963, ip=192.168.32.76)[0m [MLA DEBUG] core_attention.hidden_size_per_attention_head_v = 192[32m [repeated 3775x across cluster][0m
[36m(MultiNodeVLLMEngine pid=236908, ip=192.168.32.75)[0m INFO 12-22 17:26:02 [model.py:1661] Using max model len 131072
[36m(MultiNodeVLLMEngine pid=236908, ip=192.168.32.75)[0m INFO 12-22 17:26:03 [arg_utils.py:1399] Using ray runtime env (env vars redacted): {'env_vars': {'HF_HOME': '***', 'HF_HUB_OFFLINE': '***', 'PYTHONPATH': '***'}}
[36m(MultiNodeVLLMEngine pid=236908, ip=192.168.32.75)[0m INFO 12-22 17:26:03 [scheduler.py:230] Chunked prefill is enabled with max_num_batched_tokens=8192.
[36m(MultiNodeVLLMEngine pid=236908, ip=192.168.32.75)[0m WARNING 12-22 17:26:03 [registry.py:204] Using a slow tokenizer. This might cause a significant slowdown. Consider using a fast tokenizer instead.
[36m(MultiNodeVLLMEngine pid=236908, ip=192.168.32.75)[0m WARNING 12-22 17:26:03 [system_utils.py:136] We must use the `spawn` multiprocessing start method. Overriding VLLM_WORKER_MULTIPROC_METHOD to 'spawn'. See https://docs.vllm.ai/en/latest/usage/troubleshooting.html#python-multiprocessing for more information. Reasons: In a Ray actor and can only be spawned
[36m(MultiNodeVLLMEngine pid=236908, ip=192.168.32.75)[0m [0;36m(EngineCore_DP0 pid=237093)[0;0m INFO 12-22 17:26:12 [core.py:93] Initializing a V1 LLM engine (v0.13.0rc2.dev207+g811cdf519) with config: model='/vePFS-Mindverse/share/huggingface/hub/models--moonshotai--Kimi-K2-Thinking/snapshots/612681931a8c906ddb349f8ad0f582cb552189cd', speculative_config=None, tokenizer='/vePFS-Mindverse/share/huggingface/hub/models--moonshotai--Kimi-K2-Thinking/snapshots/612681931a8c906ddb349f8ad0f582cb552189cd', skip_tokenizer_init=False, tokenizer_mode=auto, revision=None, tokenizer_revision=None, trust_remote_code=True, dtype=torch.bfloat16, max_seq_len=131072, download_dir=None, load_format=auto, tensor_parallel_size=16, pipeline_parallel_size=1, data_parallel_size=1, disable_custom_all_reduce=False, quantization=compressed-tensors, enforce_eager=False, kv_cache_dtype=auto, device_config=cuda, structured_outputs_config=StructuredOutputsConfig(backend='auto', disable_fallback=False, disable_any_whitespace=False, disable_additional_properties=False, reasoning_parser='', reasoning_parser_plugin='', enable_in_reasoning=False), observability_config=ObservabilityConfig(show_hidden_metrics_for_version=None, otlp_traces_endpoint=None, collect_detailed_traces=None, kv_cache_metrics=False, kv_cache_metrics_sample=0.01, cudagraph_metrics=False, enable_layerwise_nvtx_tracing=False), seed=0, served_model_name=/vePFS-Mindverse/share/huggingface/hub/models--moonshotai--Kimi-K2-Thinking/snapshots/612681931a8c906ddb349f8ad0f582cb552189cd, enable_prefix_caching=True, enable_chunked_prefill=True, pooler_config=None, compilation_config={'level': None, 'mode': <CompilationMode.VLLM_COMPILE: 3>, 'debug_dump_path': None, 'cache_dir': '', 'compile_cache_save_format': 'binary', 'backend': 'inductor', 'custom_ops': ['none'], 'splitting_ops': ['vllm::unified_attention', 'vllm::unified_attention_with_output', 'vllm::unified_mla_attention', 'vllm::unified_mla_attention_with_output', 'vllm::mamba_mixer2', 'vllm::mamba_mixer', 'vllm::short_conv', 'vllm::linear_attention', 'vllm::plamo2_mamba_mixer', 'vllm::gdn_attention_core', 'vllm::kda_attention', 'vllm::sparse_attn_indexer'], 'compile_mm_encoder': False, 'compile_sizes': [], 'compile_ranges_split_points': [8192], 'inductor_compile_config': {'enable_auto_functionalized_v2': False, 'combo_kernels': True, 'benchmark_combo_kernel': True}, 'inductor_passes': {}, 'cudagraph_mode': <CUDAGraphMode.FULL_AND_PIECEWISE: (2, 1)>, 'cudagraph_num_of_warmups': 1, 'cudagraph_capture_sizes': [1, 2, 4, 8, 16, 24, 32, 40, 48, 56, 64, 72, 80, 88, 96, 104, 112, 120, 128, 136, 144, 152, 160, 168, 176, 184, 192, 200, 208, 216, 224, 232, 240, 248, 256, 272, 288, 304, 320, 336, 352, 368, 384, 400, 416, 432, 448, 464, 480, 496, 512], 'cudagraph_copy_inputs': False, 'cudagraph_specialize_lora': True, 'use_inductor_graph_partition': False, 'pass_config': {'fuse_norm_quant': False, 'fuse_act_quant': False, 'fuse_attn_quant': False, 'eliminate_noops': True, 'enable_sp': False, 'fuse_gemm_comms': False, 'fuse_allreduce_rms': False}, 'max_cudagraph_capture_size': 512, 'dynamic_shapes_config': {'type': <DynamicShapesType.BACKED: 'backed'>, 'evaluate_guards': False}, 'local_cache_dir': None}
[36m(MultiNodeVLLMEngine pid=236908, ip=192.168.32.75)[0m [0;36m(EngineCore_DP0 pid=237093)[0;0m WARNING 12-22 17:26:12 [ray_utils.py:331] Tensor parallel size (16) exceeds available GPUs (0). This may result in Ray placement group allocation failures. Consider reducing tensor_parallel_size to 0 or less, or ensure your Ray cluster has 16 GPUs available.
[36m(MultiNodeVLLMEngine pid=236908, ip=192.168.32.75)[0m [0;36m(EngineCore_DP0 pid=237093)[0;0m INFO 12-22 17:26:12 [ray_utils.py:396] No current placement group found. Creating a new placement group.
[36m(MultiNodeVLLMEngine pid=236908, ip=192.168.32.75)[0m [0;36m(EngineCore_DP0 pid=237093)[0;0m WARNING 12-22 17:26:13 [ray_utils.py:207] tensor_parallel_size=16 is bigger than a reserved number of GPUs (8 GPUs) in a node b65e41b86aa3f6532188d46c1147678096b34d000754c738090ffa4a. Tensor parallel workers can be spread out to 2+ nodes which can degrade the performance unless you have fast interconnect across nodes, like Infiniband. To resolve this issue, make sure you have more than 16 GPUs available at each node.
[36m(MultiNodeVLLMEngine pid=236908, ip=192.168.32.75)[0m [0;36m(EngineCore_DP0 pid=237093)[0;0m WARNING 12-22 17:26:13 [ray_utils.py:207] tensor_parallel_size=16 is bigger than a reserved number of GPUs (8 GPUs) in a node 0c0aab9eb8f21585a2e1769bc0d5243c23fd5c5eb6afc79a16217ce5. Tensor parallel workers can be spread out to 2+ nodes which can degrade the performance unless you have fast interconnect across nodes, like Infiniband. To resolve this issue, make sure you have more than 16 GPUs available at each node.
[36m(MultiNodeVLLMEngine pid=236908, ip=192.168.32.75)[0m [0;36m(EngineCore_DP0 pid=237093)[0;0m INFO 12-22 17:26:22 [ray_env.py:66] RAY_NON_CARRY_OVER_ENV_VARS from config: set()
[36m(MultiNodeVLLMEngine pid=236908, ip=192.168.32.75)[0m [0;36m(EngineCore_DP0 pid=237093)[0;0m INFO 12-22 17:26:22 [ray_env.py:69] Copying the following environment variables to workers: ['CUDA_HOME', 'VLLM_WORKER_MULTIPROC_METHOD', 'LD_LIBRARY_PATH']
[36m(MultiNodeVLLMEngine pid=236908, ip=192.168.32.75)[0m [0;36m(EngineCore_DP0 pid=237093)[0;0m INFO 12-22 17:26:22 [ray_env.py:74] If certain env vars should NOT be copied, add them to /root/.config/vllm/ray_non_carry_over_env_vars.json file
INFO:     127.0.0.1:40918 - "POST /api/v1/retrieve_future HTTP/1.1" 408 Request Timeout
[36m(MultiNodeVLLMEngine pid=236908, ip=192.168.32.75)[0m [0;36m(EngineCore_DP0 pid=237093)[0;0m [36m(RayWorkerWrapper pid=237339)[0m Loading safetensors checkpoint shards:  11% Completed | 7/62 [01:13<09:42, 10.59s/it]
[36m(MultiNodeVLLMEngine pid=236908, ip=192.168.32.75)[0m [0;36m(EngineCore_DP0 pid=237093)[0;0m [36m(RayWorkerWrapper pid=237339)[0m Loading safetensors checkpoint shards:  13% Completed | 8/62 [01:24<09:36, 10.68s/it]
[36m(MultiNodeVLLMEngine pid=236908, ip=192.168.32.75)[0m [0;36m(EngineCore_DP0 pid=237093)[0;0m [36m(RayWorkerWrapper pid=237339)[0m Loading safetensors checkpoint shards:  15% Completed | 9/62 [01:24<06:32,  7.40s/it]
[36m(MultiNodeVLLMEngine pid=236908, ip=192.168.32.75)[0m [0;36m(EngineCore_DP0 pid=237093)[0;0m [36m(RayWorkerWrapper pid=237339)[0m Loading safetensors checkpoint shards:  16% Completed | 10/62 [01:35<07:21,  8.48s/it]
[36m(MultiNodeVLLMEngine pid=236908, ip=192.168.32.75)[0m [0;36m(EngineCore_DP0 pid=237093)[0;0m [36m(RayWorkerWrapper pid=237339)[0m Loading safetensors checkpoint shards:  18% Completed | 11/62 [01:36<05:03,  5.96s/it]
[36m(MultiNodeVLLMEngine pid=236908, ip=192.168.32.75)[0m [0;36m(EngineCore_DP0 pid=237093)[0;0m [36m(RayWorkerWrapper pid=237339)[0m Loading safetensors checkpoint shards:  19% Completed | 12/62 [01:46<06:10,  7.42s/it]
[36m(MultiNodeVLLMEngine pid=236908, ip=192.168.32.75)[0m [0;36m(EngineCore_DP0 pid=237093)[0;0m [36m(RayWorkerWrapper pid=237339)[0m Loading safetensors checkpoint shards:  21% Completed | 13/62 [01:57<06:53,  8.45s/it]
[36m(MultiNodeVLLMEngine pid=236908, ip=192.168.32.75)[0m [0;36m(EngineCore_DP0 pid=237093)[0;0m [36m(RayWorkerWrapper pid=237339)[0m Loading safetensors checkpoint shards:  23% Completed | 14/62 [02:08<07:20,  9.18s/it]
[36m(MultiNodeVLLMEngine pid=236908, ip=192.168.32.75)[0m [0;36m(EngineCore_DP0 pid=237093)[0;0m [36m(RayWorkerWrapper pid=237339)[0m Loading safetensors checkpoint shards:  24% Completed | 15/62 [02:19<07:33,  9.65s/it]
[36m(MultiNodeVLLMEngine pid=236908, ip=192.168.32.75)[0m [0;36m(EngineCore_DP0 pid=237093)[0;0m [36m(RayWorkerWrapper pid=237339)[0m Loading safetensors checkpoint shards:  26% Completed | 16/62 [02:29<07:38,  9.96s/it]
[36m(MultiNodeVLLMEngine pid=236908, ip=192.168.32.75)[0m [0;36m(EngineCore_DP0 pid=237093)[0;0m [36m(RayWorkerWrapper pid=237339)[0m Loading safetensors checkpoint shards:  27% Completed | 17/62 [02:40<07:38, 10.19s/it]
[36m(MultiNodeVLLMEngine pid=236908, ip=192.168.32.75)[0m [0;36m(EngineCore_DP0 pid=237093)[0;0m [36m(RayWorkerWrapper pid=237339)[0m Loading safetensors checkpoint shards:  29% Completed | 18/62 [02:51<07:35, 10.34s/it]
[36m(MultiNodeVLLMEngine pid=236908, ip=192.168.32.75)[0m [0;36m(EngineCore_DP0 pid=237093)[0;0m [36m(RayWorkerWrapper pid=237339)[0m Loading safetensors checkpoint shards:  31% Completed | 19/62 [03:02<07:28, 10.43s/it]
INFO:     127.0.0.1:58640 - "POST /api/v1/retrieve_future HTTP/1.1" 408 Request Timeout
[36m(MultiNodeVLLMEngine pid=236908, ip=192.168.32.75)[0m [0;36m(EngineCore_DP0 pid=237093)[0;0m [36m(RayWorkerWrapper pid=237339)[0m Loading safetensors checkpoint shards:  32% Completed | 20/62 [03:12<07:19, 10.45s/it]
[36m(MultiNodeVLLMEngine pid=236908, ip=192.168.32.75)[0m [0;36m(EngineCore_DP0 pid=237093)[0;0m [36m(RayWorkerWrapper pid=237339)[0m Loading safetensors checkpoint shards:  34% Completed | 21/62 [03:23<07:17, 10.66s/it]
[36m(MultiNodeVLLMEngine pid=236908, ip=192.168.32.75)[0m [0;36m(EngineCore_DP0 pid=237093)[0;0m [36m(RayWorkerWrapper pid=237339)[0m Loading safetensors checkpoint shards:  35% Completed | 22/62 [03:34<07:06, 10.65s/it]
[36m(MultiNodeVLLMEngine pid=236908, ip=192.168.32.75)[0m [0;36m(EngineCore_DP0 pid=237093)[0;0m [36m(RayWorkerWrapper pid=237339)[0m Loading safetensors checkpoint shards:  37% Completed | 23/62 [03:44<06:53, 10.60s/it]
[36m(MultiNodeVLLMEngine pid=236908, ip=192.168.32.75)[0m [0;36m(EngineCore_DP0 pid=237093)[0;0m [36m(RayWorkerWrapper pid=237339)[0m Loading safetensors checkpoint shards:  39% Completed | 24/62 [03:55<06:39, 10.50s/it]
[36m(MultiNodeVLLMEngine pid=236908, ip=192.168.32.75)[0m [0;36m(EngineCore_DP0 pid=237093)[0;0m [36m(RayWorkerWrapper pid=237339)[0m Loading safetensors checkpoint shards:  40% Completed | 25/62 [04:05<06:29, 10.54s/it]
[36m(MultiNodeVLLMEngine pid=236908, ip=192.168.32.75)[0m [0;36m(EngineCore_DP0 pid=237093)[0;0m [36m(RayWorkerWrapper pid=237339)[0m Loading safetensors checkpoint shards:  42% Completed | 26/62 [04:16<06:21, 10.60s/it]
[36m(MultiNodeVLLMEngine pid=236908, ip=192.168.32.75)[0m [0;36m(EngineCore_DP0 pid=237093)[0;0m [36m(RayWorkerWrapper pid=237339)[0m Loading safetensors checkpoint shards:  44% Completed | 27/62 [04:26<06:09, 10.54s/it]
[36m(MultiNodeVLLMEngine pid=236908, ip=192.168.32.75)[0m [0;36m(EngineCore_DP0 pid=237093)[0;0m [36m(RayWorkerWrapper pid=237339)[0m Loading safetensors checkpoint shards:  45% Completed | 28/62 [04:37<05:56, 10.49s/it]
[36m(MultiNodeVLLMEngine pid=236908, ip=192.168.32.75)[0m [0;36m(EngineCore_DP0 pid=237093)[0;0m [36m(RayWorkerWrapper pid=237339)[0m Loading safetensors checkpoint shards:  47% Completed | 29/62 [04:47<05:44, 10.43s/it]
[36m(MultiNodeVLLMEngine pid=236908, ip=192.168.32.75)[0m [0;36m(EngineCore_DP0 pid=237093)[0;0m [36m(RayWorkerWrapper pid=237339)[0m Loading safetensors checkpoint shards:  48% Completed | 30/62 [04:57<05:33, 10.44s/it]
[36m(MultiNodeVLLMEngine pid=236908, ip=192.168.32.75)[0m [0;36m(EngineCore_DP0 pid=237093)[0;0m [36m(RayWorkerWrapper pid=237339)[0m Loading safetensors checkpoint shards:  50% Completed | 31/62 [05:08<05:20, 10.33s/it]
INFO:     127.0.0.1:51038 - "POST /api/v1/retrieve_future HTTP/1.1" 408 Request Timeout
[36m(MultiNodeVLLMEngine pid=236908, ip=192.168.32.75)[0m [0;36m(EngineCore_DP0 pid=237093)[0;0m [36m(RayWorkerWrapper pid=237339)[0m Loading safetensors checkpoint shards:  52% Completed | 32/62 [05:18<05:08, 10.28s/it]
[36m(MultiNodeVLLMEngine pid=236908, ip=192.168.32.75)[0m [0;36m(EngineCore_DP0 pid=237093)[0;0m [36m(RayWorkerWrapper pid=237339)[0m Loading safetensors checkpoint shards:  53% Completed | 33/62 [05:28<04:58, 10.30s/it]
[36m(MultiNodeVLLMEngine pid=236908, ip=192.168.32.75)[0m [0;36m(EngineCore_DP0 pid=237093)[0;0m [36m(RayWorkerWrapper pid=237339)[0m Loading safetensors checkpoint shards:  55% Completed | 34/62 [05:38<04:49, 10.34s/it]
[36m(MultiNodeVLLMEngine pid=236908, ip=192.168.32.75)[0m [0;36m(EngineCore_DP0 pid=237093)[0;0m [36m(RayWorkerWrapper pid=237339)[0m Loading safetensors checkpoint shards:  56% Completed | 35/62 [05:49<04:37, 10.28s/it]
[36m(MultiNodeVLLMEngine pid=236908, ip=192.168.32.75)[0m [0;36m(EngineCore_DP0 pid=237093)[0;0m [36m(RayWorkerWrapper pid=237339)[0m Loading safetensors checkpoint shards:  58% Completed | 36/62 [05:59<04:26, 10.24s/it]
[36m(MultiNodeVLLMEngine pid=236908, ip=192.168.32.75)[0m [0;36m(EngineCore_DP0 pid=237093)[0;0m [36m(RayWorkerWrapper pid=237339)[0m Loading safetensors checkpoint shards:  60% Completed | 37/62 [06:09<04:16, 10.25s/it]
[36m(MultiNodeVLLMEngine pid=236908, ip=192.168.32.75)[0m [0;36m(EngineCore_DP0 pid=237093)[0;0m [36m(RayWorkerWrapper pid=237339)[0m Loading safetensors checkpoint shards:  61% Completed | 38/62 [06:19<04:05, 10.24s/it]
[36m(MultiNodeVLLMEngine pid=236908, ip=192.168.32.75)[0m [0;36m(EngineCore_DP0 pid=237093)[0;0m [36m(RayWorkerWrapper pid=237339)[0m Loading safetensors checkpoint shards:  63% Completed | 39/62 [06:30<03:55, 10.25s/it]
[36m(MultiNodeVLLMEngine pid=236908, ip=192.168.32.75)[0m [0;36m(EngineCore_DP0 pid=237093)[0;0m [36m(RayWorkerWrapper pid=237339)[0m Loading safetensors checkpoint shards:  65% Completed | 40/62 [06:40<03:44, 10.21s/it]
[36m(MultiNodeVLLMEngine pid=236908, ip=192.168.32.75)[0m [0;36m(EngineCore_DP0 pid=237093)[0;0m [36m(RayWorkerWrapper pid=237339)[0m Loading safetensors checkpoint shards:  66% Completed | 41/62 [06:50<03:34, 10.20s/it]
[36m(MultiNodeVLLMEngine pid=236908, ip=192.168.32.75)[0m [0;36m(EngineCore_DP0 pid=237093)[0;0m [36m(RayWorkerWrapper pid=237339)[0m Loading safetensors checkpoint shards:  68% Completed | 42/62 [07:00<03:23, 10.18s/it]
[36m(MultiNodeVLLMEngine pid=236908, ip=192.168.32.75)[0m [0;36m(EngineCore_DP0 pid=237093)[0;0m [36m(RayWorkerWrapper pid=237339)[0m Loading safetensors checkpoint shards:  69% Completed | 43/62 [07:10<03:13, 10.16s/it]
INFO:     127.0.0.1:55240 - "POST /api/v1/retrieve_future HTTP/1.1" 408 Request Timeout
[36m(MultiNodeVLLMEngine pid=236908, ip=192.168.32.75)[0m [0;36m(EngineCore_DP0 pid=237093)[0;0m [36m(RayWorkerWrapper pid=237339)[0m Loading safetensors checkpoint shards:  71% Completed | 44/62 [07:20<03:02, 10.14s/it]
[36m(MultiNodeVLLMEngine pid=236908, ip=192.168.32.75)[0m [0;36m(EngineCore_DP0 pid=237093)[0;0m [36m(RayWorkerWrapper pid=237339)[0m Loading safetensors checkpoint shards:  73% Completed | 45/62 [07:30<02:52, 10.13s/it]
[36m(MultiNodeVLLMEngine pid=236908, ip=192.168.32.75)[0m [0;36m(EngineCore_DP0 pid=237093)[0;0m [36m(RayWorkerWrapper pid=237339)[0m Loading safetensors checkpoint shards:  74% Completed | 46/62 [07:40<02:42, 10.13s/it]
[36m(MultiNodeVLLMEngine pid=236908, ip=192.168.32.75)[0m [0;36m(EngineCore_DP0 pid=237093)[0;0m [36m(RayWorkerWrapper pid=237339)[0m Loading safetensors checkpoint shards:  76% Completed | 47/62 [07:51<02:32, 10.14s/it]
[36m(MultiNodeVLLMEngine pid=236908, ip=192.168.32.75)[0m [0;36m(EngineCore_DP0 pid=237093)[0;0m [36m(RayWorkerWrapper pid=237339)[0m Loading safetensors checkpoint shards:  77% Completed | 48/62 [08:03<02:30, 10.72s/it]
[36m(MultiNodeVLLMEngine pid=236908, ip=192.168.32.75)[0m [0;36m(EngineCore_DP0 pid=237093)[0;0m [36m(RayWorkerWrapper pid=237339)[0m Loading safetensors checkpoint shards:  79% Completed | 49/62 [08:13<02:18, 10.67s/it]
[36m(MultiNodeVLLMEngine pid=236908, ip=192.168.32.75)[0m [0;36m(EngineCore_DP0 pid=237093)[0;0m [36m(RayWorkerWrapper pid=237339)[0m Loading safetensors checkpoint shards:  81% Completed | 50/62 [08:23<02:06, 10.50s/it]
[36m(MultiNodeVLLMEngine pid=236908, ip=192.168.32.75)[0m [0;36m(EngineCore_DP0 pid=237093)[0;0m [36m(RayWorkerWrapper pid=237339)[0m Loading safetensors checkpoint shards:  82% Completed | 51/62 [08:33<01:54, 10.38s/it]
[36m(MultiNodeVLLMEngine pid=236908, ip=192.168.32.75)[0m [0;36m(EngineCore_DP0 pid=237093)[0;0m [36m(RayWorkerWrapper pid=237339)[0m Loading safetensors checkpoint shards:  84% Completed | 52/62 [08:44<01:42, 10.30s/it]
[36m(MultiNodeVLLMEngine pid=236908, ip=192.168.32.75)[0m [0;36m(EngineCore_DP0 pid=237093)[0;0m [36m(RayWorkerWrapper pid=237339)[0m Loading safetensors checkpoint shards:  85% Completed | 53/62 [08:54<01:34, 10.49s/it]
[36m(MultiNodeVLLMEngine pid=236908, ip=192.168.32.75)[0m [0;36m(EngineCore_DP0 pid=237093)[0;0m [36m(RayWorkerWrapper pid=237339)[0m Loading safetensors checkpoint shards:  87% Completed | 54/62 [09:05<01:23, 10.45s/it]
INFO:     127.0.0.1:45018 - "POST /api/v1/retrieve_future HTTP/1.1" 408 Request Timeout
[36m(MultiNodeVLLMEngine pid=236908, ip=192.168.32.75)[0m [0;36m(EngineCore_DP0 pid=237093)[0;0m [36m(RayWorkerWrapper pid=237339)[0m Loading safetensors checkpoint shards:  89% Completed | 55/62 [09:15<01:12, 10.38s/it]
[36m(MultiNodeVLLMEngine pid=236908, ip=192.168.32.75)[0m [0;36m(EngineCore_DP0 pid=237093)[0;0m [36m(RayWorkerWrapper pid=237339)[0m Loading safetensors checkpoint shards:  90% Completed | 56/62 [09:25<01:01, 10.30s/it]
[36m(MultiNodeVLLMEngine pid=236908, ip=192.168.32.75)[0m [0;36m(EngineCore_DP0 pid=237093)[0;0m [36m(RayWorkerWrapper pid=237339)[0m Loading safetensors checkpoint shards:  92% Completed | 57/62 [09:35<00:51, 10.24s/it]
[36m(MultiNodeVLLMEngine pid=236908, ip=192.168.32.75)[0m [0;36m(EngineCore_DP0 pid=237093)[0;0m [36m(RayWorkerWrapper pid=237339)[0m Loading safetensors checkpoint shards:  94% Completed | 58/62 [09:45<00:40, 10.19s/it]
[36m(MultiNodeVLLMEngine pid=236908, ip=192.168.32.75)[0m [0;36m(EngineCore_DP0 pid=237093)[0;0m [36m(RayWorkerWrapper pid=237339)[0m Loading safetensors checkpoint shards:  95% Completed | 59/62 [09:55<00:30, 10.16s/it]
[36m(MultiNodeVLLMEngine pid=236908, ip=192.168.32.75)[0m [0;36m(EngineCore_DP0 pid=237093)[0;0m [36m(RayWorkerWrapper pid=237339)[0m Loading safetensors checkpoint shards:  97% Completed | 60/62 [10:06<00:20, 10.17s/it]
[36m(MultiNodeVLLMEngine pid=236908, ip=192.168.32.75)[0m [0;36m(EngineCore_DP0 pid=237093)[0;0m [36m(RayWorkerWrapper pid=237339)[0m Loading safetensors checkpoint shards:  98% Completed | 61/62 [10:16<00:10, 10.15s/it]
[36m(MultiNodeVLLMEngine pid=236908, ip=192.168.32.75)[0m [0;36m(EngineCore_DP0 pid=237093)[0;0m [36m(RayWorkerWrapper pid=237339)[0m Loading safetensors checkpoint shards: 100% Completed | 62/62 [10:26<00:00, 10.09s/it]
[36m(MultiNodeVLLMEngine pid=236908, ip=192.168.32.75)[0m [0;36m(EngineCore_DP0 pid=237093)[0;0m [36m(RayWorkerWrapper pid=237339)[0m Loading safetensors checkpoint shards: 100% Completed | 62/62 [10:26<00:00, 10.10s/it]
[36m(MultiNodeVLLMEngine pid=236908, ip=192.168.32.75)[0m [0;36m(EngineCore_DP0 pid=237093)[0;0m [36m(RayWorkerWrapper pid=237339)[0m 
[36m(MultiNodeVLLMEngine pid=236908, ip=192.168.32.75)[0m [0;36m(EngineCore_DP0 pid=237093)[0;0m [36m(RayWorkerWrapper pid=214921, ip=192.168.32.76)[0m WARNING 12-22 17:26:23 [worker_base.py:301] Missing `shared_worker_lock` argument from executor. This argument is needed for mm_processor_cache_type='shm'.
[36m(MultiNodeVLLMEngine pid=236908, ip=192.168.32.75)[0m [0;36m(EngineCore_DP0 pid=237093)[0;0m [36m(RayWorkerWrapper pid=237338)[0m INFO 12-22 17:26:24 [parallel_state.py:1210] world_size=16 rank=1 local_rank=1 distributed_init_method=tcp://192.168.32.75:53593 backend=nccl
[36m(MultiNodeVLLMEngine pid=236908, ip=192.168.32.75)[0m [0;36m(EngineCore_DP0 pid=237093)[0;0m [36m(RayWorkerWrapper pid=237339)[0m INFO 12-22 17:26:25 [pynccl.py:111] vLLM is using nccl==2.27.5
[36m(MultiNodeVLLMEngine pid=236908, ip=192.168.32.75)[0m [0;36m(EngineCore_DP0 pid=237093)[0;0m [36m(RayWorkerWrapper pid=214921, ip=192.168.32.76)[0m WARNING 12-22 17:26:25 [symm_mem.py:67] SymmMemCommunicator: Device capability 8.0 not supported, communicator is not available.
[36m(MultiNodeVLLMEngine pid=236908, ip=192.168.32.75)[0m [0;36m(EngineCore_DP0 pid=237093)[0;0m [36m(RayWorkerWrapper pid=214921, ip=192.168.32.76)[0m WARNING 12-22 17:26:25 [custom_all_reduce.py:92] Custom allreduce is disabled because this process group spans across nodes.
[36m(MultiNodeVLLMEngine pid=236908, ip=192.168.32.75)[0m [0;36m(EngineCore_DP0 pid=237093)[0;0m [36m(RayWorkerWrapper pid=214921, ip=192.168.32.76)[0m INFO 12-22 17:26:26 [parallel_state.py:1418] rank 8 in world size 16 is assigned as DP rank 0, PP rank 0, PCP rank 0, TP rank 8, EP rank 8
[36m(MultiNodeVLLMEngine pid=236908, ip=192.168.32.75)[0m [0;36m(EngineCore_DP0 pid=237093)[0;0m [36m(RayWorkerWrapper pid=237339)[0m INFO 12-22 17:26:26 [gpu_model_runner.py:3591] Starting to load model /vePFS-Mindverse/share/huggingface/hub/models--moonshotai--Kimi-K2-Thinking/snapshots/612681931a8c906ddb349f8ad0f582cb552189cd...
[36m(MultiNodeVLLMEngine pid=236908, ip=192.168.32.75)[0m [0;36m(EngineCore_DP0 pid=237093)[0;0m [36m(RayWorkerWrapper pid=214924, ip=192.168.32.76)[0m WARNING 12-22 17:26:27 [compressed_tensors.py:742] Acceleration for non-quantized schemes is not supported by Compressed Tensors. Falling back to UnquantizedLinearMethod
[36m(MultiNodeVLLMEngine pid=236908, ip=192.168.32.75)[0m [0;36m(EngineCore_DP0 pid=237093)[0;0m [36m(RayWorkerWrapper pid=237340)[0m INFO 12-22 17:26:27 [compressed_tensors_moe.py:193] Using CompressedTensorsWNA16MarlinMoEMethod
[36m(MultiNodeVLLMEngine pid=236908, ip=192.168.32.75)[0m [0;36m(EngineCore_DP0 pid=237093)[0;0m [36m(RayWorkerWrapper pid=214921, ip=192.168.32.76)[0m INFO 12-22 17:26:27 [cuda.py:351] Using TRITON_MLA attention backend out of potential backends: ('TRITON_MLA',)
[36m(MultiNodeVLLMEngine pid=236908, ip=192.168.32.75)[0m [0;36m(EngineCore_DP0 pid=237093)[0;0m [36m(RayWorkerWrapper pid=214921, ip=192.168.32.76)[0m INFO 12-22 17:26:27 [layer.py:373] Enabled separate cuda stream for MoE shared_experts
[36m(MultiNodeVLLMEngine pid=236908, ip=192.168.32.75)[0m [0;36m(EngineCore_DP0 pid=237093)[0;0m [36m(RayWorkerWrapper pid=214924, ip=192.168.32.76)[0m INFO 12-22 17:36:48 [punica_selector.py:20] Using PunicaWrapperGPU.
[36m(MultiNodeVLLMEngine pid=236908, ip=192.168.32.75)[0m [0;36m(EngineCore_DP0 pid=237093)[0;0m [36m(RayWorkerWrapper pid=214924, ip=192.168.32.76)[0m INFO 12-22 17:36:48 [utils.py:82] MoE model detected. Using fused MoE LoRA implementation.
[36m(MultiNodeVLLMEngine pid=236908, ip=192.168.32.75)[0m [0;36m(EngineCore_DP0 pid=237093)[0;0m [36m(RayWorkerWrapper pid=214924, ip=192.168.32.76)[0m WARNING 12-22 17:36:48 [vllm.py:1406] Current vLLM config is not set.
[36m(MultiNodeVLLMEngine pid=236908, ip=192.168.32.75)[0m [0;36m(EngineCore_DP0 pid=237093)[0;0m [36m(RayWorkerWrapper pid=214924, ip=192.168.32.76)[0m INFO 12-22 17:36:48 [scheduler.py:230] Chunked prefill is enabled with max_num_batched_tokens=2048.
[36m(MultiNodeVLLMEngine pid=236908, ip=192.168.32.75)[0m [0;36m(EngineCore_DP0 pid=237093)[0;0m [36m(RayWorkerWrapper pid=237345)[0m WARNING 12-22 17:26:23 [worker_base.py:301] Missing `shared_worker_lock` argument from executor. This argument is needed for mm_processor_cache_type='shm'.[32m [repeated 15x across cluster] (Ray deduplicates logs by default. Set RAY_DEDUP_LOGS=0 to disable log deduplication, or see https://docs.ray.io/en/master/ray-observability/user-guides/configure-logging.html#log-deduplication for more options.)[0m
[36m(MultiNodeVLLMEngine pid=236908, ip=192.168.32.75)[0m [0;36m(EngineCore_DP0 pid=237093)[0;0m [36m(RayWorkerWrapper pid=214930, ip=192.168.32.76)[0m INFO 12-22 17:26:24 [parallel_state.py:1210] world_size=16 rank=15 local_rank=7 distributed_init_method=tcp://192.168.32.75:53593 backend=nccl[32m [repeated 15x across cluster][0m
[36m(MultiNodeVLLMEngine pid=236908, ip=192.168.32.75)[0m [0;36m(EngineCore_DP0 pid=237093)[0;0m [36m(RayWorkerWrapper pid=237345)[0m WARNING 12-22 17:26:25 [symm_mem.py:67] SymmMemCommunicator: Device capability 8.0 not supported, communicator is not available.[32m [repeated 15x across cluster][0m
[36m(MultiNodeVLLMEngine pid=236908, ip=192.168.32.75)[0m [0;36m(EngineCore_DP0 pid=237093)[0;0m [36m(RayWorkerWrapper pid=237345)[0m WARNING 12-22 17:26:25 [custom_all_reduce.py:92] Custom allreduce is disabled because this process group spans across nodes.[32m [repeated 15x across cluster][0m
[36m(MultiNodeVLLMEngine pid=236908, ip=192.168.32.75)[0m [0;36m(EngineCore_DP0 pid=237093)[0;0m [36m(RayWorkerWrapper pid=237345)[0m INFO 12-22 17:26:26 [parallel_state.py:1418] rank 7 in world size 16 is assigned as DP rank 0, PP rank 0, PCP rank 0, TP rank 7, EP rank 7[32m [repeated 15x across cluster][0m
[36m(MultiNodeVLLMEngine pid=236908, ip=192.168.32.75)[0m [0;36m(EngineCore_DP0 pid=237093)[0;0m [36m(RayWorkerWrapper pid=237339)[0m WARNING 12-22 17:26:27 [compressed_tensors.py:742] Acceleration for non-quantized schemes is not supported by Compressed Tensors. Falling back to UnquantizedLinearMethod[32m [repeated 15x across cluster][0m
[36m(MultiNodeVLLMEngine pid=236908, ip=192.168.32.75)[0m [0;36m(EngineCore_DP0 pid=237093)[0;0m [36m(RayWorkerWrapper pid=214923, ip=192.168.32.76)[0m INFO 12-22 17:26:27 [compressed_tensors_moe.py:193] Using CompressedTensorsWNA16MarlinMoEMethod[32m [repeated 15x across cluster][0m
[36m(MultiNodeVLLMEngine pid=236908, ip=192.168.32.75)[0m [0;36m(EngineCore_DP0 pid=237093)[0;0m [36m(RayWorkerWrapper pid=237339)[0m INFO 12-22 17:26:27 [cuda.py:351] Using TRITON_MLA attention backend out of potential backends: ('TRITON_MLA',)
[36m(MultiNodeVLLMEngine pid=236908, ip=192.168.32.75)[0m [0;36m(EngineCore_DP0 pid=237093)[0;0m [36m(RayWorkerWrapper pid=237339)[0m INFO 12-22 17:26:27 [layer.py:373] Enabled separate cuda stream for MoE shared_experts
[36m(MultiNodeVLLMEngine pid=236908, ip=192.168.32.75)[0m [0;36m(EngineCore_DP0 pid=237093)[0;0m [36m(RayWorkerWrapper pid=237339)[0m INFO 12-22 17:36:54 [default_loader.py:308] Loading weights took 626.29 seconds
[36m(MultiNodeVLLMEngine pid=236908, ip=192.168.32.75)[0m [0;36m(EngineCore_DP0 pid=237093)[0;0m [36m(RayWorkerWrapper pid=237339)[0m INFO 12-22 17:37:00 [punica_selector.py:20] Using PunicaWrapperGPU.
[36m(MultiNodeVLLMEngine pid=236908, ip=192.168.32.75)[0m [0;36m(EngineCore_DP0 pid=237093)[0;0m [36m(RayWorkerWrapper pid=237339)[0m INFO 12-22 17:37:00 [utils.py:82] MoE model detected. Using fused MoE LoRA implementation.
[36m(MultiNodeVLLMEngine pid=236908, ip=192.168.32.75)[0m [0;36m(EngineCore_DP0 pid=237093)[0;0m [36m(RayWorkerWrapper pid=237339)[0m WARNING 12-22 17:37:00 [vllm.py:1406] Current vLLM config is not set.
[36m(MultiNodeVLLMEngine pid=236908, ip=192.168.32.75)[0m [0;36m(EngineCore_DP0 pid=237093)[0;0m [36m(RayWorkerWrapper pid=237339)[0m INFO 12-22 17:37:00 [scheduler.py:230] Chunked prefill is enabled with max_num_batched_tokens=2048.
[36m(MultiNodeVLLMEngine pid=236908, ip=192.168.32.75)[0m [0;36m(EngineCore_DP0 pid=237093)[0;0m [36m(RayWorkerWrapper pid=237339)[0m INFO 12-22 17:37:02 [gpu_model_runner.py:3688] Model loading took 67.0886 GiB memory and 634.144771 seconds
[36m(MultiNodeVLLMEngine pid=236908, ip=192.168.32.75)[0m [0;36m(EngineCore_DP0 pid=237093)[0;0m [36m(RayWorkerWrapper pid=214921, ip=192.168.32.76)[0m INFO 12-22 17:37:07 [default_loader.py:308] Loading weights took 638.72 seconds
[36m(MultiNodeVLLMEngine pid=236908, ip=192.168.32.75)[0m [0;36m(EngineCore_DP0 pid=237093)[0;0m [36m(RayWorkerWrapper pid=237341)[0m INFO 12-22 17:37:10 [punica_selector.py:20] Using PunicaWrapperGPU.
[36m(MultiNodeVLLMEngine pid=236908, ip=192.168.32.75)[0m [0;36m(EngineCore_DP0 pid=237093)[0;0m [36m(RayWorkerWrapper pid=237341)[0m INFO 12-22 17:37:10 [utils.py:82] MoE model detected. Using fused MoE LoRA implementation.
[36m(MultiNodeVLLMEngine pid=236908, ip=192.168.32.75)[0m [0;36m(EngineCore_DP0 pid=237093)[0;0m [36m(RayWorkerWrapper pid=237341)[0m WARNING 12-22 17:37:10 [vllm.py:1406] Current vLLM config is not set.
[36m(MultiNodeVLLMEngine pid=236908, ip=192.168.32.75)[0m [0;36m(EngineCore_DP0 pid=237093)[0;0m [36m(RayWorkerWrapper pid=237341)[0m INFO 12-22 17:37:10 [scheduler.py:230] Chunked prefill is enabled with max_num_batched_tokens=2048.
[36m(MultiNodeVLLMEngine pid=236908, ip=192.168.32.75)[0m [0;36m(EngineCore_DP0 pid=237093)[0;0m [36m(RayWorkerWrapper pid=214921, ip=192.168.32.76)[0m INFO 12-22 17:37:14 [gpu_model_runner.py:3688] Model loading took 67.0886 GiB memory and 646.522194 seconds
[36m(MultiNodeVLLMEngine pid=236908, ip=192.168.32.75)[0m [0;36m(EngineCore_DP0 pid=237093)[0;0m [36m(RayWorkerWrapper pid=214929, ip=192.168.32.76)[0m INFO 12-22 17:37:20 [punica_selector.py:20] Using PunicaWrapperGPU.[32m [repeated 3x across cluster][0m
[36m(MultiNodeVLLMEngine pid=236908, ip=192.168.32.75)[0m [0;36m(EngineCore_DP0 pid=237093)[0;0m [36m(RayWorkerWrapper pid=214929, ip=192.168.32.76)[0m INFO 12-22 17:37:20 [utils.py:82] MoE model detected. Using fused MoE LoRA implementation.[32m [repeated 3x across cluster][0m
[36m(MultiNodeVLLMEngine pid=236908, ip=192.168.32.75)[0m [0;36m(EngineCore_DP0 pid=237093)[0;0m 
INFO:     127.0.0.1:51526 - "POST /api/v1/retrieve_future HTTP/1.1" 408 Request Timeout
INFO:     127.0.0.1:47854 - "POST /api/v1/retrieve_future HTTP/1.1" 408 Request Timeout
[36m(MultiNodeVLLMEngine pid=236908, ip=192.168.32.75)[0m [0;36m(EngineCore_DP0 pid=237093)[0;0m Process EngineCore_DP0:
[36m(MultiNodeVLLMEngine pid=236908, ip=192.168.32.75)[0m [0;36m(EngineCore_DP0 pid=237093)[0;0m Traceback (most recent call last):
[36m(MultiNodeVLLMEngine pid=236908, ip=192.168.32.75)[0m [0;36m(EngineCore_DP0 pid=237093)[0;0m   File "/usr/lib/python3.10/multiprocessing/process.py", line 314, in _bootstrap
[36m(MultiNodeVLLMEngine pid=236908, ip=192.168.32.75)[0m [0;36m(EngineCore_DP0 pid=237093)[0;0m     self.run()
[36m(MultiNodeVLLMEngine pid=236908, ip=192.168.32.75)[0m [0;36m(EngineCore_DP0 pid=237093)[0;0m   File "/usr/lib/python3.10/multiprocessing/process.py", line 108, in run
[36m(MultiNodeVLLMEngine pid=236908, ip=192.168.32.75)[0m [0;36m(EngineCore_DP0 pid=237093)[0;0m     self._target(*self._args, **self._kwargs)
[36m(MultiNodeVLLMEngine pid=236908, ip=192.168.32.75)[0m [0;36m(EngineCore_DP0 pid=237093)[0;0m   File "/usr/local/lib/python3.10/dist-packages/vllm/v1/engine/core.py", line 870, in run_engine_core
[36m(MultiNodeVLLMEngine pid=236908, ip=192.168.32.75)[0m [0;36m(EngineCore_DP0 pid=237093)[0;0m     raise e
[36m(MultiNodeVLLMEngine pid=236908, ip=192.168.32.75)[0m [0;36m(EngineCore_DP0 pid=237093)[0;0m   File "/usr/local/lib/python3.10/dist-packages/vllm/v1/engine/core.py", line 857, in run_engine_core
[36m(MultiNodeVLLMEngine pid=236908, ip=192.168.32.75)[0m [0;36m(EngineCore_DP0 pid=237093)[0;0m     engine_core = EngineCoreProc(*args, **kwargs)
[36m(MultiNodeVLLMEngine pid=236908, ip=192.168.32.75)[0m [0;36m(EngineCore_DP0 pid=237093)[0;0m   File "/usr/local/lib/python3.10/dist-packages/vllm/v1/engine/core.py", line 637, in __init__
[36m(MultiNodeVLLMEngine pid=236908, ip=192.168.32.75)[0m [0;36m(EngineCore_DP0 pid=237093)[0;0m     super().__init__(
[36m(MultiNodeVLLMEngine pid=236908, ip=192.168.32.75)[0m [0;36m(EngineCore_DP0 pid=237093)[0;0m   File "/usr/local/lib/python3.10/dist-packages/vllm/v1/engine/core.py", line 109, in __init__
[36m(MultiNodeVLLMEngine pid=236908, ip=192.168.32.75)[0m [0;36m(EngineCore_DP0 pid=237093)[0;0m     num_gpu_blocks, num_cpu_blocks, kv_cache_config = self._initialize_kv_caches(
[36m(MultiNodeVLLMEngine pid=236908, ip=192.168.32.75)[0m [0;36m(EngineCore_DP0 pid=237093)[0;0m   File "/usr/local/lib/python3.10/dist-packages/vllm/v1/engine/core.py", line 248, in _initialize_kv_caches
[36m(MultiNodeVLLMEngine pid=236908, ip=192.168.32.75)[0m [0;36m(EngineCore_DP0 pid=237093)[0;0m     kv_cache_configs = get_kv_cache_configs(
[36m(MultiNodeVLLMEngine pid=236908, ip=192.168.32.75)[0m [0;36m(EngineCore_DP0 pid=237093)[0;0m   File "/usr/local/lib/python3.10/dist-packages/vllm/v1/core/kv_cache_utils.py", line 1340, in get_kv_cache_configs
[36m(MultiNodeVLLMEngine pid=236908, ip=192.168.32.75)[0m [0;36m(EngineCore_DP0 pid=237093)[0;0m     check_enough_kv_cache_memory(
[36m(MultiNodeVLLMEngine pid=236908, ip=192.168.32.75)[0m [0;36m(EngineCore_DP0 pid=237093)[0;0m   File "/usr/local/lib/python3.10/dist-packages/vllm/v1/core/kv_cache_utils.py", line 687, in check_enough_kv_cache_memory
[36m(MultiNodeVLLMEngine pid=236908, ip=192.168.32.75)[0m [0;36m(EngineCore_DP0 pid=237093)[0;0m     raise ValueError(
[36m(MultiNodeVLLMEngine pid=236908, ip=192.168.32.75)[0m [0;36m(EngineCore_DP0 pid=237093)[0;0m ValueError: No available memory for the cache blocks. Try increasing `gpu_memory_utilization` when initializing the engine. See https://docs.vllm.ai/en/latest/configuration/conserving_memory/ for more details.
ERROR:2025-12-22 17:41:19,519:[save_weights_for_sampler] Failed: [36mray::MultiNodeVLLMEngine.initialize()[39m (pid=236908, ip=192.168.32.75, actor_id=b017f16988dfecc8f1a20f9455000000, repr=<tinker_server.backend.multinode_inference.MultiNodeVLLMEngine object at 0x7fc2d66c61d0>)
  File "/usr/lib/python3.10/concurrent/futures/_base.py", line 458, in result
    return self.__get_result()
  File "/usr/lib/python3.10/concurrent/futures/_base.py", line 403, in __get_result
    raise self._exception
  File "/vePFS-Mindverse/share/code/tinker-server/tinker_server/backend/multinode_inference.py", line 185, in initialize
    self.engine = AsyncLLMEngine.from_engine_args(engine_args)
  File "/usr/local/lib/python3.10/dist-packages/vllm/v1/engine/async_llm.py", line 244, in from_engine_args
    return cls(
  File "/usr/local/lib/python3.10/dist-packages/vllm/v1/engine/async_llm.py", line 134, in __init__
    self.engine_core = EngineCoreClient.make_async_mp_client(
  File "/usr/local/lib/python3.10/dist-packages/vllm/v1/engine/core_client.py", line 121, in make_async_mp_client
    return AsyncMPClient(*client_args)
  File "/usr/local/lib/python3.10/dist-packages/vllm/v1/engine/core_client.py", line 820, in __init__
    super().__init__(
  File "/usr/local/lib/python3.10/dist-packages/vllm/v1/engine/core_client.py", line 477, in __init__
    with launch_core_engines(vllm_config, executor_class, log_stats) as (
  File "/usr/lib/python3.10/contextlib.py", line 142, in __exit__
    next(self.gen)
  File "/usr/local/lib/python3.10/dist-packages/vllm/v1/engine/utils.py", line 903, in launch_core_engines
    wait_for_engine_startup(
  File "/usr/local/lib/python3.10/dist-packages/vllm/v1/engine/utils.py", line 960, in wait_for_engine_startup
    raise RuntimeError(
RuntimeError: Engine core initialization failed. See root cause above. Failed core proc(s): {}
Traceback (most recent call last):
  File "/vePFS-Mindverse/share/code/tinker-server/tinker_server/routes/training.py", line 501, in _do_save_weights_for_sampler
    multi_lora_engine = await inference_manager.get_engine_for_model(base_model)
  File "/vePFS-Mindverse/share/code/tinker-server/tinker_server/backend/session_manager.py", line 413, in get_engine_for_model
    return await manager.get_engine(model_name)
  File "/vePFS-Mindverse/share/code/tinker-server/tinker_server/backend/multi_lora_engine.py", line 997, in get_engine
    await engine.initialize()
  File "/vePFS-Mindverse/share/code/tinker-server/tinker_server/backend/multinode_inference.py", line 523, in initialize
    await loop.run_in_executor(
  File "/usr/lib/python3.10/concurrent/futures/thread.py", line 58, in run
    result = self.fn(*self.args, **self.kwargs)
  File "/vePFS-Mindverse/share/code/tinker-server/tinker_server/backend/multinode_inference.py", line 525, in <lambda>
    lambda: ray.get(self.engine.initialize.remote(), timeout=init_timeout)
  File "/usr/local/lib/python3.10/dist-packages/ray/_private/auto_init_hook.py", line 22, in auto_init_wrapper
    return fn(*args, **kwargs)
  File "/usr/local/lib/python3.10/dist-packages/ray/_private/client_mode_hook.py", line 104, in wrapper
    return func(*args, **kwargs)
  File "/usr/local/lib/python3.10/dist-packages/ray/_private/worker.py", line 2961, in get
    values, debugger_breakpoint = worker.get_objects(
  File "/usr/local/lib/python3.10/dist-packages/ray/_private/worker.py", line 1026, in get_objects
    raise value.as_instanceof_cause()
ray.exceptions.RayTaskError(RuntimeError): [36mray::MultiNodeVLLMEngine.initialize()[39m (pid=236908, ip=192.168.32.75, actor_id=b017f16988dfecc8f1a20f9455000000, repr=<tinker_server.backend.multinode_inference.MultiNodeVLLMEngine object at 0x7fc2d66c61d0>)
  File "/usr/lib/python3.10/concurrent/futures/_base.py", line 458, in result
    return self.__get_result()
  File "/usr/lib/python3.10/concurrent/futures/_base.py", line 403, in __get_result
    raise self._exception
  File "/vePFS-Mindverse/share/code/tinker-server/tinker_server/backend/multinode_inference.py", line 185, in initialize
    self.engine = AsyncLLMEngine.from_engine_args(engine_args)
  File "/usr/local/lib/python3.10/dist-packages/vllm/v1/engine/async_llm.py", line 244, in from_engine_args
    return cls(
  File "/usr/local/lib/python3.10/dist-packages/vllm/v1/engine/async_llm.py", line 134, in __init__
    self.engine_core = EngineCoreClient.make_async_mp_client(
  File "/usr/local/lib/python3.10/dist-packages/vllm/v1/engine/core_client.py", line 121, in make_async_mp_client
    return AsyncMPClient(*client_args)
  File "/usr/local/lib/python3.10/dist-packages/vllm/v1/engine/core_client.py", line 820, in __init__
    super().__init__(
  File "/usr/local/lib/python3.10/dist-packages/vllm/v1/engine/core_client.py", line 477, in __init__
    with launch_core_engines(vllm_config, executor_class, log_stats) as (
  File "/usr/lib/python3.10/contextlib.py", line 142, in __exit__
    next(self.gen)
  File "/usr/local/lib/python3.10/dist-packages/vllm/v1/engine/utils.py", line 903, in launch_core_engines
    wait_for_engine_startup(
  File "/usr/local/lib/python3.10/dist-packages/vllm/v1/engine/utils.py", line 960, in wait_for_engine_startup
    raise RuntimeError(
RuntimeError: Engine core initialization failed. See root cause above. Failed core proc(s): {}
[36m(MultiNodeVLLMEngine pid=236908, ip=192.168.32.75)[0m [36m(RayWorkerWrapper pid=214929, ip=192.168.32.76)[0m WARNING 12-22 17:37:20 [vllm.py:1406] Current vLLM config is not set.[32m [repeated 3x across cluster][0m
[36m(MultiNodeVLLMEngine pid=236908, ip=192.168.32.75)[0m [0;36m(EngineCore_DP0 pid=237093)[0;0m [36m(RayWorkerWrapper pid=214929, ip=192.168.32.76)[0m INFO 12-22 17:37:20 [scheduler.py:230] Chunked prefill is enabled with max_num_batched_tokens=2048.[32m [repeated 3x across cluster][0m
[36m(MultiNodeVLLMEngine pid=236908, ip=192.168.32.75)[0m [0;36m(EngineCore_DP0 pid=237093)[0;0m [36m(RayWorkerWrapper pid=214923, ip=192.168.32.76)[0m INFO 12-22 17:37:29 [punica_selector.py:20] Using PunicaWrapperGPU.[32m [repeated 2x across cluster][0m
[36m(MultiNodeVLLMEngine pid=236908, ip=192.168.32.75)[0m [0;36m(EngineCore_DP0 pid=237093)[0;0m [36m(RayWorkerWrapper pid=214923, ip=192.168.32.76)[0m INFO 12-22 17:37:29 [utils.py:82] MoE model detected. Using fused MoE LoRA implementation.[32m [repeated 2x across cluster][0m
[36m(MultiNodeVLLMEngine pid=236908, ip=192.168.32.75)[0m [0;36m(EngineCore_DP0 pid=237093)[0;0m [36m(RayWorkerWrapper pid=214923, ip=192.168.32.76)[0m WARNING 12-22 17:37:29 [vllm.py:1406] Current vLLM config is not set.[32m [repeated 2x across cluster][0m
[36m(MultiNodeVLLMEngine pid=236908, ip=192.168.32.75)[0m [0;36m(EngineCore_DP0 pid=237093)[0;0m [36m(RayWorkerWrapper pid=214923, ip=192.168.32.76)[0m INFO 12-22 17:37:29 [scheduler.py:230] Chunked prefill is enabled with max_num_batched_tokens=2048.[32m [repeated 2x across cluster][0m
[36m(MultiNodeVLLMEngine pid=236908, ip=192.168.32.75)[0m [0;36m(EngineCore_DP0 pid=237093)[0;0m [36m(RayWorkerWrapper pid=214930, ip=192.168.32.76)[0m INFO 12-22 17:37:36 [punica_selector.py:20] Using PunicaWrapperGPU.[32m [repeated 3x across cluster][0m
[36m(MultiNodeVLLMEngine pid=236908, ip=192.168.32.75)[0m [0;36m(EngineCore_DP0 pid=237093)[0;0m [36m(RayWorkerWrapper pid=214930, ip=192.168.32.76)[0m INFO 12-22 17:37:36 [utils.py:82] MoE model detected. Using fused MoE LoRA implementation.[32m [repeated 3x across cluster][0m
[36m(MultiNodeVLLMEngine pid=236908, ip=192.168.32.75)[0m [0;36m(EngineCore_DP0 pid=237093)[0;0m [36m(RayWorkerWrapper pid=214930, ip=192.168.32.76)[0m WARNING 12-22 17:37:36 [vllm.py:1406] Current vLLM config is not set.[32m [repeated 3x across cluster][0m
[36m(MultiNodeVLLMEngine pid=236908, ip=192.168.32.75)[0m [0;36m(EngineCore_DP0 pid=237093)[0;0m [36m(RayWorkerWrapper pid=214930, ip=192.168.32.76)[0m INFO 12-22 17:37:36 [scheduler.py:230] Chunked prefill is enabled with max_num_batched_tokens=2048.[32m [repeated 3x across cluster][0m
[36m(MultiNodeVLLMEngine pid=236908, ip=192.168.32.75)[0m [0;36m(EngineCore_DP0 pid=237093)[0;0m [36m(RayWorkerWrapper pid=237344)[0m INFO 12-22 17:38:03 [punica_selector.py:20] Using PunicaWrapperGPU.[32m [repeated 5x across cluster][0m
[36m(MultiNodeVLLMEngine pid=236908, ip=192.168.32.75)[0m [0;36m(EngineCore_DP0 pid=237093)[0;0m [36m(RayWorkerWrapper pid=237344)[0m INFO 12-22 17:38:03 [utils.py:82] MoE model detected. Using fused MoE LoRA implementation.[32m [repeated 5x across cluster][0m
[36m(MultiNodeVLLMEngine pid=236908, ip=192.168.32.75)[0m [0;36m(EngineCore_DP0 pid=237093)[0;0m [36m(RayWorkerWrapper pid=237344)[0m WARNING 12-22 17:38:03 [vllm.py:1406] Current vLLM config is not set.[32m [repeated 5x across cluster][0m
[36m(MultiNodeVLLMEngine pid=236908, ip=192.168.32.75)[0m [0;36m(EngineCore_DP0 pid=237093)[0;0m [36m(RayWorkerWrapper pid=237344)[0m INFO 12-22 17:38:03 [scheduler.py:230] Chunked prefill is enabled with max_num_batched_tokens=2048.[32m [repeated 5x across cluster][0m
[36m(MultiNodeVLLMEngine pid=236908, ip=192.168.32.75)[0m [0;36m(EngineCore_DP0 pid=237093)[0;0m [36m(RayWorkerWrapper pid=214921, ip=192.168.32.76)[0m INFO 12-22 17:38:34 [backends.py:643] Using cache directory: /root/.cache/vllm/torch_compile_cache/22441932b1/rank_8_0/backbone for vLLM's torch.compile
[36m(MultiNodeVLLMEngine pid=236908, ip=192.168.32.75)[0m [0;36m(EngineCore_DP0 pid=237093)[0;0m [36m(RayWorkerWrapper pid=214921, ip=192.168.32.76)[0m INFO 12-22 17:38:34 [backends.py:703] Dynamo bytecode transform time: 21.44 s
[36m(MultiNodeVLLMEngine pid=236908, ip=192.168.32.75)[0m [0;36m(EngineCore_DP0 pid=237093)[0;0m [36m(RayWorkerWrapper pid=214930, ip=192.168.32.76)[0m INFO 12-22 17:38:49 [backends.py:261] Cache the graph of compile range (1, 8192) for later use
[36m(MultiNodeVLLMEngine pid=236908, ip=192.168.32.75)[0m [0;36m(EngineCore_DP0 pid=237093)[0;0m [36m(RayWorkerWrapper pid=237339)[0m INFO 12-22 17:38:35 [backends.py:643] Using cache directory: /root/.cache/vllm/torch_compile_cache/22441932b1/rank_0_0/backbone for vLLM's torch.compile
[36m(MultiNodeVLLMEngine pid=236908, ip=192.168.32.75)[0m [0;36m(EngineCore_DP0 pid=237093)[0;0m [36m(RayWorkerWrapper pid=237339)[0m INFO 12-22 17:38:35 [backends.py:703] Dynamo bytecode transform time: 22.24 s
[36m(MultiNodeVLLMEngine pid=236908, ip=192.168.32.75)[0m [0;36m(EngineCore_DP0 pid=237093)[0;0m [36m(RayWorkerWrapper pid=214921, ip=192.168.32.76)[0m WARNING 12-22 17:38:56 [fused_moe.py:888] Using default MoE config. Performance might be sub-optimal! Config file not found at /usr/local/lib/python3.10/dist-packages/vllm/model_executor/layers/fused_moe/configs/E=384,N=14336,device_name=NVIDIA_A800-SXM4-80GB.json
[36m(MultiNodeVLLMEngine pid=236908, ip=192.168.32.75)[0m [0;36m(EngineCore_DP0 pid=237093)[0;0m [36m(RayWorkerWrapper pid=214923, ip=192.168.32.76)[0m INFO 12-22 17:38:50 [backends.py:261] Cache the graph of compile range (1, 8192) for later use[32m [repeated 7x across cluster][0m
[36m(MultiNodeVLLMEngine pid=236908, ip=192.168.32.75)[0m [0;36m(EngineCore_DP0 pid=237093)[0;0m [36m(RayWorkerWrapper pid=237338)[0m INFO 12-22 17:41:12 [backends.py:226] Directly load the compiled graph(s) for compile range (1, 8192) from the cache, took 146.364 s
[36m(MultiNodeVLLMEngine pid=236908, ip=192.168.32.75)[0m [0;36m(EngineCore_DP0 pid=237093)[0;0m [36m(RayWorkerWrapper pid=237339)[0m WARNING 12-22 17:38:56 [fused_moe.py:888] Using default MoE config. Performance might be sub-optimal! Config file not found at /usr/local/lib/python3.10/dist-packages/vllm/model_executor/layers/fused_moe/configs/E=384,N=14336,device_name=NVIDIA_A800-SXM4-80GB.json
[36m(MultiNodeVLLMEngine pid=236908, ip=192.168.32.75)[0m [0;36m(EngineCore_DP0 pid=237093)[0;0m [36m(RayWorkerWrapper pid=237339)[0m INFO 12-22 17:41:12 [monitor.py:34] torch.compile takes 167.75 s in total
[36m(MultiNodeVLLMEngine pid=236908, ip=192.168.32.75)[0m [0;36m(EngineCore_DP0 pid=237093)[0;0m [36m(RayWorkerWrapper pid=214921, ip=192.168.32.76)[0m INFO 12-22 17:41:13 [backends.py:278] Compiling a graph for compile range (1, 8192) takes 146.96 s
[36m(MultiNodeVLLMEngine pid=236908, ip=192.168.32.75)[0m [0;36m(EngineCore_DP0 pid=237093)[0;0m [36m(RayWorkerWrapper pid=237339)[0m INFO 12-22 17:41:15 [gpu_worker.py:375] Available KV cache memory: -13.67 GiB
[36m(MultiNodeVLLMEngine pid=236908, ip=192.168.32.75)[0m [0;36m(EngineCore_DP0 pid=237093)[0;0m ERROR 12-22 17:41:17 [core.py:866] EngineCore failed to start.
[36m(MultiNodeVLLMEngine pid=236908, ip=192.168.32.75)[0m [0;36m(EngineCore_DP0 pid=237093)[0;0m ERROR 12-22 17:41:17 [core.py:866] Traceback (most recent call last):
[36m(MultiNodeVLLMEngine pid=236908, ip=192.168.32.75)[0m [0;36m(EngineCore_DP0 pid=237093)[0;0m ERROR 12-22 17:41:17 [core.py:866]   File "/usr/local/lib/python3.10/dist-packages/vllm/v1/engine/core.py", line 857, in run_engine_core
[36m(MultiNodeVLLMEngine pid=236908, ip=192.168.32.75)[0m [0;36m(EngineCore_DP0 pid=237093)[0;0m ERROR 12-22 17:41:17 [core.py:866]     engine_core = EngineCoreProc(*args, **kwargs)
[36m(MultiNodeVLLMEngine pid=236908, ip=192.168.32.75)[0m [0;36m(EngineCore_DP0 pid=237093)[0;0m ERROR 12-22 17:41:17 [core.py:866]   File "/usr/local/lib/python3.10/dist-packages/vllm/v1/engine/core.py", line 637, in __init__
[36m(MultiNodeVLLMEngine pid=236908, ip=192.168.32.75)[0m [0;36m(EngineCore_DP0 pid=237093)[0;0m ERROR 12-22 17:41:17 [core.py:866]     super().__init__(
[36m(MultiNodeVLLMEngine pid=236908, ip=192.168.32.75)[0m [0;36m(EngineCore_DP0 pid=237093)[0;0m ERROR 12-22 17:41:17 [core.py:866]   File "/usr/local/lib/python3.10/dist-packages/vllm/v1/engine/core.py", line 109, in __init__
[36m(MultiNodeVLLMEngine pid=236908, ip=192.168.32.75)[0m [0;36m(EngineCore_DP0 pid=237093)[0;0m ERROR 12-22 17:41:17 [core.py:866]     num_gpu_blocks, num_cpu_blocks, kv_cache_config = self._initialize_kv_caches(
[36m(MultiNodeVLLMEngine pid=236908, ip=192.168.32.75)[0m [0;36m(EngineCore_DP0 pid=237093)[0;0m ERROR 12-22 17:41:17 [core.py:866]   File "/usr/local/lib/python3.10/dist-packages/vllm/v1/engine/core.py", line 248, in _initialize_kv_caches
[36m(MultiNodeVLLMEngine pid=236908, ip=192.168.32.75)[0m [0;36m(EngineCore_DP0 pid=237093)[0;0m ERROR 12-22 17:41:17 [core.py:866]     kv_cache_configs = get_kv_cache_configs(
[36m(MultiNodeVLLMEngine pid=236908, ip=192.168.32.75)[0m [0;36m(EngineCore_DP0 pid=237093)[0;0m ERROR 12-22 17:41:17 [core.py:866]   File "/usr/local/lib/python3.10/dist-packages/vllm/v1/core/kv_cache_utils.py", line 1340, in get_kv_cache_configs
[36m(MultiNodeVLLMEngine pid=236908, ip=192.168.32.75)[0m [0;36m(EngineCore_DP0 pid=237093)[0;0m ERROR 12-22 17:41:17 [core.py:866]     check_enough_kv_cache_memory(
[36m(MultiNodeVLLMEngine pid=236908, ip=192.168.32.75)[0m [0;36m(EngineCore_DP0 pid=237093)[0;0m ERROR 12-22 17:41:17 [core.py:866]   File "/usr/local/lib/python3.10/dist-packages/vllm/v1/core/kv_cache_utils.py", line 687, in check_enough_kv_cache_memory
[36m(MultiNodeVLLMEngine pid=236908, ip=192.168.32.75)[0m [0;36m(EngineCore_DP0 pid=237093)[0;0m ERROR 12-22 17:41:17 [core.py:866]     raise ValueError(
[36m(MultiNodeVLLMEngine pid=236908, ip=192.168.32.75)[0m [0;36m(EngineCore_DP0 pid=237093)[0;0m ERROR 12-22 17:41:17 [core.py:866] ValueError: No available memory for the cache blocks. Try increasing `gpu_memory_utilization` when initializing the engine. See https://docs.vllm.ai/en/latest/configuration/conserving_memory/ for more details.
[36m(MultiNodeVLLMEngine pid=236908, ip=192.168.32.75)[0m [0;36m(EngineCore_DP0 pid=237093)[0;0m INFO 12-22 17:41:17 [ray_executor.py:121] Shutting down Ray distributed executor. If you see error log from logging.cc regarding SIGTERM received, please ignore because this is the expected termination process in Ray.
[36m(MultiNodeVLLMEngine pid=236908, ip=192.168.32.75)[0m [0;36m(EngineCore_DP0 pid=237093)[0;0m [36m(RayWorkerWrapper pid=237345)[0m INFO 12-22 17:41:12 [backends.py:226] Directly load the compiled graph(s) for compile range (1, 8192) from the cache, took 146.254 s[32m [repeated 7x across cluster][0m
[36m(MultiNodeVLLMEngine pid=236908, ip=192.168.32.75)[0m [0;36m(EngineCore_DP0 pid=237093)[0;0m [36m(RayWorkerWrapper pid=214921, ip=192.168.32.76)[0m INFO 12-22 17:41:13 [monitor.py:34] torch.compile takes 168.40 s in total
[36m(MultiNodeVLLMEngine pid=236908, ip=192.168.32.75)[0m [0;36m(EngineCore_DP0 pid=237093)[0;0m [36m(RayWorkerWrapper pid=214921, ip=192.168.32.76)[0m INFO 12-22 17:41:16 [gpu_worker.py:375] Available KV cache memory: -13.67 GiB
INFO:     127.0.0.1:42178 - "POST /api/v1/retrieve_future HTTP/1.1" 200 OK
*** SIGTERM received at time=1766425423 on cpu 65 ***
PC: @     0x7f56ce0e8b68  (unknown)  epoll_pwait
    @     0x7f56ce005520  (unknown)  (unknown)
[2025-12-22 17:43:43,031 E 26867 26867] logging.cc:474: *** SIGTERM received at time=1766425423 on cpu 65 ***
[2025-12-22 17:43:43,031 E 26867 26867] logging.cc:474: PC: @     0x7f56ce0e8b68  (unknown)  epoll_pwait
[2025-12-22 17:43:43,031 E 26867 26867] logging.cc:474:     @     0x7f56ce005520  (unknown)  (unknown)
ERROR:    Traceback (most recent call last):
  File "/usr/local/lib/python3.10/dist-packages/uvicorn/_compat.py", line 60, in asyncio_run
    return loop.run_until_complete(main)
  File "uvloop/loop.pyx", line 1512, in uvloop.loop.Loop.run_until_complete
  File "uvloop/loop.pyx", line 1505, in uvloop.loop.Loop.run_until_complete
  File "uvloop/loop.pyx", line 1379, in uvloop.loop.Loop.run_forever
  File "uvloop/loop.pyx", line 557, in uvloop.loop.Loop._run
  File "uvloop/handles/timer.pyx", line 87, in uvloop.loop.__uvtimer_callback
  File "uvloop/cbhandles.pyx", line 255, in uvloop.loop.TimerHandle._run
  File "uvloop/cbhandles.pyx", line 251, in uvloop.loop.TimerHandle._run
  File "/usr/lib/python3.10/asyncio/futures.py", line 309, in _set_result_unless_cancelled
    def _set_result_unless_cancelled(fut, result):
  File "/usr/local/lib/python3.10/dist-packages/ray/_private/worker.py", line 1676, in sigterm_handler
    sys.exit(signum)
SystemExit: 15

During handling of the above exception, another exception occurred:

Traceback (most recent call last):
  File "/usr/local/lib/python3.10/dist-packages/starlette/routing.py", line 701, in lifespan
    await receive()
  File "/usr/local/lib/python3.10/dist-packages/uvicorn/lifespan/on.py", line 137, in receive
    return await self.receive_queue.get()
  File "/usr/lib/python3.10/asyncio/queues.py", line 159, in get
    await getter
asyncio.exceptions.CancelledError

